Item.Type,Publication.Year,Author,Title,Publication.Title,DOI,Pages,Issue,Volume,Notes,Noymeir,Salaetal,Introduction/Review,Methods,Results,Discussion,Support?,Investigation,Description,Other notes
journalArticle,1986,"Hacker, R. B.",Effect of grazing on chemical and physical properties of an earthy sand in the Western Australian mulga zone,The Rangeland Journal,,45613,1,8,,1,0,0,0,0,1,NA,0,,Hummocks and ITE mentioned here.
journalArticle,1988,"Sala, O. E.; Parton, W. J.; Joyce, L. A.; Lauenroth, W. K.",Primary Production of the Central Grassland Region of the United States,Ecology,10.2307/1943158,40-45,1,69,,1,0,1,0,0,1,1,1,"ANPP in Great Plains, with water holding capacity--first investigation of ITE.",
journalArticle,1989,"Gosz, James R.; Sharpe, Peter JH","Broad-scale concepts for interactions of climate, topography, and biota at biome transitions",Landscape Ecology,,229-243,4-Mar,3,,1,1,1,0,0,0,NA,0,,
journalArticle,1989,"Liang, Y. M.; Hazlett, D. L.; Lauenroth, W. K.",Biomass dynamics and water use efficiencies of five plant communities in the shortgrass steppe,Oecologia,,148-153,,80,,1,1,0,0,0,1,1,1,"Five plant communities in SGS, higher productivity and water use efficiency on sandier sites. These also favored non-grass functional types.",
journalArticle,1989,"Tongway, D. J.; Ludwig, J. A.; Whitford, W. G.",Mulga log mounds: Fertile patches in the semi-arid woodlands of eastern Australia,Australian Journal of Ecology,10.1111/j.1442-9993.1989.tb01436.x,263-268,3,14,,1,0,0,0,0,1,1,0,"Mounds of soil/termite galleries under fallen Mulga trees are enriched in sand, differences in plant community may have to do with ITE.",
journalArticle,1990,"Coughenour, Michael B.; Coppock, David L.; Ellis, James E.",Herbaceous forage variability in an arid pastoral region of Kenya: importance of topographic and rainfall gradients,Journal of Arid Environments,,147-159,2,19,,1,1,0,0,0,1,NA,0,,
document,1990,"Detling, T.; Doehring, D.; DeCoursey, W.; Hanson, O.; Hautaluoma, D.; Hoffer, B.; Wiens, J. A.; Woodmansee, R. G.",Long-Term Ecological Research Program: Shortgrass steppe,,,,,NA,,0,1,1,0,0,1,NA,0,,
journalArticle,1991,"Cornelius, Joe M.; Kemp, Paul R.; Ludwig, John A.; Cunningham, Gary L.",The distribution of vascular plant species and guilds in space and time along a desert gradient,Journal of Vegetation Science,10.2307/3235898,59-72,1,2,,1,0,0,0,1,0,NA,0,,
journalArticle,1991,"Dargie, T. C. D.; El Demerdash, M. A.",A quantitative study of vegetation - environment relationships in two Egyptian deserts,Journal of Vegetation Science,10.2307/3235891,45361,1,2,,1,0,0,0,1,1,NA,0,,
bookSection,1991,"Gosz, James R.",Fundamental Ecological Characteristics of Landscape Boundaries,Ecotones,,45534,,NA,,1,1,1,0,0,0,NA,0,,
bookSection,1992,"Gosz, James R.",Ecological Functions in a Biome Transition Zone: Translating Local Responses to Broad-Scale Dynamics,Landscape Boundaries,,55-75,,92,,1,1,1,0,0,0,NA,0,,
journalArticle,1992,"Gosz, James R.",Gradient Analysis of Ecological Change in Time and Space: Implications for Forest Management,Ecological Applications,10.2307/1941859,248-261,3,2,,1,0,1,0,0,0,NA,0,,
bookSection,1992,"Gosz, James R.; Parmenter, Robert R.; Marshall, Diane",Ecological Indicators in a Desert/Grassland Transition,Ecological Indicators,,739-763,,NA,,1,1,1,0,0,0,NA,0,,
journalArticle,1993,"Seagle, StevenW.; McNaughton, S.J.",Simulated effects of precipitation and nitrogen on Serengeti grassland productivity,Biogeochemistry,10.1007/BF00000645,,3,22,,1,1,0,0,0,1,NA,0,,I like the figures of soil water balance at different levels of precipitation
journalArticle,1994,"Coffin, Debra P.; Lauenroth, William K.",Successional dynamics of a semiarid grassland: effects of soil texture and disturbance size,Vegetatio,10.1007/BF00038715,67-82,1,110,,1,1,0,1,0,0,NA,0,,Consider reading
journalArticle,1994,"Knight, Dennis H.; Vose, James M.; Baldwin, V. Clark; Ewel, Katherine C.; Grodzinska, Krystyna; Grodzinska, Kristina",Contrasting patterns in pine forest ecosystems,Ecological Bulletins,,45554,,NA,,1,0,1,0,0,0,NA,0,,Says ITE allows coniferous woodlands on rocky ridges in areas where grass and shrublands are found on surrounding finer soils.
journalArticle,1994,"Van Rooyen, N.; Bredenkamp, G. J.; Theron, G. K.; Bothma, J. du P.; Le Riche, E. A. N.",Vegetational gradients around artificial watering points in the Kalahari Gemsbok National Park,Journal of Arid Environments,,349-361,4,26,,1,0,0,0,0,1,NA,0,,Environmental factors more important than grazing gradient--interesting
journalArticle,1994,"West, Neil E.",Effects of fire on salt-desert shrub rangelands,"Proceedings: Ecology and management of annual rangelands. Gen. Tech. Rep. INT-313. Ogden, UT: US Department of Agriculture, Forest Service, Intermountain Research Station",,71-74,,NA,,1,0,1,0,0,0,NA,0,,
journalArticle,1995,"Burgess, Tony L.","Desert grassland, mixed shrub savanna, shrub steppe, or semidesert scrub",The desert grassland,,31-67,,NA,,1,0,1,0,0,0,NA,0,,Interesting discussion of subshrubs
journalArticle,1997,"Agnew, A. D. Q.","Swiches, pulses and grazing in arid vegetation",Journal of Arid Environments,,609-617,4,37,,1,0,0,0,0,1,NA,0,,
journalArticle,1997,"Burke, Ingrid C.; Lauenroth, William K.; Parton, William J.",REGIONAL AND TEMPORAL VARIATION IN NET PRIMARY PRODUCTION AND NITROGEN MINERALIZATION IN GRASSLANDS,Ecology,10.1890/0012-9658(1997)078[1330:RATVIN]2.0.CO;2,1330-1340,5,78,,0,1,0,0,0,1,0,0,Century model for ANPP and N mineralization--showed effects of soil texture are small especially at low precip (30 cm)--I think this was not dry enough to realize full benefits of coarse-textured soils.,
journalArticle,1997,"Dodd, M. B.; Lauenroth, W. K.",The influence of soil texture on the soil water dynamics and vegetation structure of a shortgrass steppe ecosystem,Plant Ecology,10.1023/A:1009759421640,13-28,1,133,,1,1,0,0,0,1,1,0,"ANPP at sites with different soil textures at SGS--heights of vegetation were consistent with ITE, ANPP was consistent with extended ITE in 3 of 4 years.",
thesis,1997,"Dodd, Michael Bryan",The control of vegetation structure by soil texture effects in the North American shortgrass steppe,,,,,NA,"Relevant chapter published as ""The influence of soil texture on the soil water dynamics and vegetation structure of a shortgrass steppe ecosystem""",1,0,NA,NA,NA,NA,NA,NA,,
journalArticle,1997,"Epstein, H. E.; Lauenroth, W. K.; Burke, I. C.",EFFECTS OF TEMPERATURE AND SOIL TEXTURE ON ANPP IN THE U.S. GREAT PLAINS,Ecology,10.1890/0012-9658(1997)078[2628:EOTAST]2.0.CO;2,2628-2631,8,78,,1,1,1,0,0,1,1,1,"ANPP in Great Plains, but including MAT and MAP, and comparing sand and clay.",
journalArticle,1998,"Lane, Diana R.; Coffin, Debra P.; Lauenroth, William K.",Effects of soil texture and precipitation on above-êground net primary productivity and vegetation structure across the Central Grassland region of the United States,Journal of Vegetation Science,10.2307/3237123,239-250,2,9,,1,1,1,1,1,1,0,1,Only found it at SGS site (driest)--seems when considering annual ANPP with annual precip it may be hard to find ITE. Instead soil texture seems to be more important for plant community structure.,
journalArticle,1998,"Singh, J. S.; Milchunas, D. G.; Lauenroth, W. K.",Soil water dynamics and vegetation patterns in a semiarid grassland,Plant ecology,,77-89,,134,,1,0,1,0,0,0,NA,0,,"Plant, slope, and soil texture effect on soil water"
journalArticle,1998,"Van Rooyen, N.; Van Rooyen, M. W.",VEGETATION OF THE SOUTH-WESTERN ARID KALAHARI: AN OVERVIEW,Transactions of the Royal Society of South Africa,10.1080/00359199809520381,113-140,2,53,,1,0,1,0,0,0,NA,0,,
thesis,1999,"Andersen, Gidske L.","Change and variation in a hyper-arid cultural landscape: A merhodological approach using remote sensing timeseries (Landsat MSS and TM, 1973-1996) from the Wadi vegetation of the eastern desert of Egypt",,,,,NA,,1,0,1,0,0,0,NA,0,,
journalArticle,1999,"Knight, Dennis H.",15 Ponderosa and Limber Pine Woodlands,"Savannas, barrens, and rock outcrop plant communities of North America",,249,,NA,,1,0,1,0,0,0,NA,0,,Implies ITE is about plants with deeper roots.
journalArticle,1999,"Lauenroth, William K.; Burke, Ingrid C.; Gutmann, Myron P.",The structure and function of ecosystems in the central North American grassland region,Great Plains Research,,223-259,,NA,,1,1,1,0,0,0,NA,0,,
journalArticle,1999,"Menezes, R. S. C.; Salcedo, I. H.",Influence of tree species on the herbaceous understory and soil chemical characteristics in a silvopastoral system in semi-arid northeastern Brazil,Revista Brasileira de Ci√™ncia do Solo,10.1590/S0100-06831999000400008,817-826,4,23,,1,0,0,0,0,1,NA,0,,
thesis,1999,"Menezes, Romulo Simoes Cezar",Soil -plant -herbivore interactions and nutrient dynamics in semiarid grazing systems in northeastern Brazil and western USA,,,,,NA,Relevant chapter published as -úInfluence of tree species on the herbaceous understory and soil chemical characteristics in a silvopastoral system in semi-arid northeastern Brazil-ù</p> </div>,1,0,NA,NA,NA,NA,NA,NA,,
journalArticle,2000,"Nouvellon, Yann; Rambal, Serge; Seen, D. Lo; Moran, M. Susan; Lhomme, Jean-Paul; Begue, Agnes; Chehbouni, A. Ghani; Kerr, Yann",Modelling of daily fluxes of water and carbon from shortgrass steppes,Agricultural and Forest Meteorology,,137-153,3-Feb,100,,0,1,0,0,0,1,1,0,,
bookSection,2000,"West, Neil E.; Young, James A.",Intermountain valleys and lower mountain slopes,North American Terrestrial Vegetation,,255-284,,NA,,1,0,,,,,,,,
journalArticle,2001,"Fernandez-Illescas, Coral Pilar; Porporato, Amilcare; Laio, Franscesco; Rodriguez-Iturbe, Ignacio",The ecohydrological role of soil texture in a water-êlimited ecosystem,Water Resources Research,10.1029/2000WR000121,2863-2872,12,37,,1,0,1,0,0,1,1,1,"Investigated texture x cimate effect on tree & grass species in La Copita, TX.",
journalArticle,2001,"Laio, Francesco; Porporato, Amilcare; Fernandez-Illescas, C. P.; Rodriguez-Iturbe, I.",Plants in water-controlled ecosystems: active role in hydrologic processes and response to water stress: IV. Discussion of real cases,Advances in Water Resources,,745-762,7,24,,1,0,1,0,0,1,1,1,,
bookSection,2001,"Sala, Osvaldo E.",Productivity of temperate grasslands,Terrestrial global productivity,,285-300,,NA,,1,1,1,0,0,0,NA,0,,
journalArticle,2002,"Porporato, A.; D'odorico, P.; Laio, Francesco; Ridolfi, Luca; Rodriguez-Iturbe, I.",Ecohydrology of water-controlled ecosystems,Advances in Water Resources,,1335-1348,12-Aug,25,,1,0,1,0,0,0,NA,0,,"Seems very similar to ""Plants in water-controlled ecosystems"" above"
journalArticle,2003,"Brown, G.; Al-Mazrooei, S.",Rapid vegetation regeneration in a seriously degraded Rhanterium epapposum community in northern Kuwait after 4 years of protection,Journal of environmental management,,387-395,4,68,,1,0,0,0,0,1,1,0,,
journalArticle,2003,"Brown, Gary; Peacock, John; Loughland, Ron; Aldrami, Ghaleb A.",Coastal and terrestrial ecosystem management requirements in the GCC States,"Environmental Research and Wildlife Development Agency, Abu Dhabi",,,,NA,,1,0,1,0,0,0,NA,0,,
book,2003,"Brown, Karl Eric","Mapping and modeling leafy spurge spread in Theodore Roosevelt National Park, North Dakota using spatial information and spatial statistics",,,,,NA,,1,0,1,0,0,0,NA,0,,
journalArticle,2003,"Martinez, Armando J.; Lopez-Portillo, Jorge",Allometry of Prosopis glandulosa var. torreyana along a topographic gradient in the Chihuahuan desert,Journal of Vegetation Science,10.1111/j.1654-1103.2003.tb02133.x,111-120,1,14,,1,0,0,0,0,1,NA,0,,
thesis,2003,"Ogle, Kiona","Desert dogma revisited: Physiological and growth responses of Larrea tridentata (Creosotebush) to annual, seasonal, and pulse precipitation",,,,,NA,,1,1,0,0,0,1,NA,0,,
journalArticle,2004,"Austin, Amy T.; Yahdjian, Laura; Stark, John M.; Belnap, Jayne; Porporato, Amilcare; Norton, Urszula; Ravetta, Damian A.; Schaeffer, Sean M.",Water pulses and biogeochemical cycles in arid and semiarid ecosystems,Oecologia,,221-235,,141,,1,1,1,0,0,0,NA,0,Review with a proposed hypothesis that N mineralization follows an inverted inverse texture effect--holding more water in shallow layers is better for microbial process that are limited to shallow soils.,"Referred to as the ""inverse-inverse texture hypothesis"""
journalArticle,2004,"Huxman, Travis E.; Cable, Jessica M.; Ignace, Danielle D.; Eilts, J. Alex; English, Nathan B.; Weltzin, Jake; Williams, David G.",Response of net ecosystem gas exchange to a simulated precipitation pulse in a semi-arid grassland: the role of native versus non-native grasses and soil texture,Oecologia,,295-305,,141,,1,1,1,0,0,1,NA,0,,"Motivated hypotheses, but results were mixed."
journalArticle,2004,"Kroel-Dulay, Gyorgy; Odor, Peter; Peters, Debra P. C.; Hochstrasser, Tamara",Distribution of plant species at a biome transition zone in New Mexico,Journal of Vegetation Science,10.1111/j.1654-1103.2004.tb02292.x,531-538,4,15,,1,1,0,0,0,1,NA,0,,
journalArticle,2004,"Suau, Roberto Lazaro",Implications of precipitation on vegetation of water-limited lands,,,,,NA,,0,1,1,0,0,0,NA,0,,
journalArticle,2005,"Fravolini, Alessandra; Hultine, Kevin R.; Brugnoli, Enrico; Gazal, Rico; English, Nathan B.; Williams, David G.",Precipitation pulse use by an invasive woody legume: the role of soil texture and pulse size,Oecologia,,618-627,,144,,1,0,1,0,0,0,1,1,Very useful paper showing how mesquite used different sizes of water pulses. Short-term effects of ITE!,"Use this one, it's important."
bookSection,2005,"Tongway, David J.; Ludwig, John A.",Heterogeneity in Arid and Semiarid Lands,Ecosystem Function in Heterogeneous Landscapes,,189-205,,NA,,1,0,1,0,0,0,NA,0,,
journalArticle,2006,"Bradford, John B.; Lauenroth, William K.; Burke, Ingrid C.; Paruelo, Jose M.","The Influence of Climate, Soils, Weather, and Land Use on Primary Production and Biomass Seasonality in the US Great Plains",Ecosystems,10.1007/s10021-004-0164-1,934-950,6,9,,1,1,1,0,0,1,0,0,,
thesis,2006,"Cable, Jessica Marie",Precipitation effects on soil carbon cycling in the Sonoran Desert,,,,,NA,,1,0,1,0,0,1,NA,0,,Cites Austin et al.
bookSection,2006,"D'Odorico, Paolo; Porporato, Amilcare",SOIL MOISTURE DYNAMICS IN WATER-LIMITED ECOSYSTEMS,Dryland Ecohydrology,,31-46,,NA,,1,0,1,0,0,0,NA,0,,
journalArticle,2006,"Fernandez, Daniel P.; Neff, Jason C.; Belnap, Jayne; Reynolds, Richard L.",Soil respiration in the cold desert environment of the Colorado Plateau (USA): abiotic regulators and thresholds,Biogeochemistry,,247-265,,78,,1,1,1,0,0,1,1,0,"Found ITE on moisture (more moisture at depth for sandier soil), but not for soil respiration.",
thesis,2006,"Ignace, Danielle Denise",Functional responses of Sonoran Desert plant species to precipitation,,,,,NA,Relevant material published and seemingly included elsewhere.,1,0,NA,NA,NA,NA,NA,NA,,
thesis,2006,"Kurc, Shirley Anne","Dynamics and controls of ecosystem scale water, carbon, and energy cycling at semiarid grassland and shrubland",,,,,NA,,1,1,0,0,0,1,NA,0,,
journalArticle,2006,"Ludwig, Fulco; Jewitt, Rebecca A.; Donovan, Lisa A",Nutrient and water addition effects on day- and night-time conductance and transpiration in a C3 desert annual,Oecologia,10.1007/s00442-006-0367-6,219-225,2,148,,1,0,0,0,0,1,NA,0,,
journalArticle,2006,"Miller, Mark E.; Belnap, Jayne; Beatty, Susan W.; Reynolds, Richard L.","Performance of Bromus tectorum L. in relation to soil properties, water additions, and chemical amendments in calcareous soils of southeastern Utah, USA",Plant and Soil,10.1007/s11104-006-0058-4,45309,2-Jan,288,,1,0,0,0,0,1,1,0,Investigated BRTE performance in different seasons--found ITE in some but not all seasons.,Worth reading
journalArticle,2006,"Norris, Jodi R.; Jackson, Stephen T.; Betancourt, Julio L.",Classification tree and minimum-êvolume ellipsoid analyses of the distribution of ponderosa pine in the western USA,Journal of Biogeography,10.1111/j.1365-2699.2005.01396.x,342-360,2,33,,1,0,0,1,0,0,NA,0,,
thesis,2007,"Begzsuren, Shurentuya",Integrated desertification assessment in Southern Mongolia,,,,,NA,,1,0,1,0,1,1,0,1,"Compared biomass across soil types in a 40x40km area, highest biomass in sandy loam not loamy sand.",
journalArticle,2007,"Brown, Gary; Aspinall, Simon; Sakkir, Sabitha",The vegetation of the coastal white sands at Taweela (Abu Dhabi Emirate),Tribulus,,45428,,17,,1,0,1,0,0,0,NA,0,,
journalArticle,2007,"Bucini, Gabriela; Hanan, Niall P.",A continental-êscale analysis of tree cover in African savannas,Global Ecology and Biogeography,10.1111/j.1466-8238.2007.00325.x,593-605,5,16,,1,1,1,0,0,1,0,1,Tree cover in African savannas.,
journalArticle,2007,"Buxbaum, C. A. Z.; Vanderbilt, K.",Soil heterogeneity and the distribution of desert and steppe plant species across a desert-grassland ecotone,Journal of Arid Environments,,617-632,4,69,,1,0,0,1,0,1,NA,0,,
journalArticle,2007,"Collins, D. B. G.; Bras, R. L.",Plant rooting strategies in water-limited ecosystems,Water Resources Research,10.1029/2006WR005541,,6,43,,1,0,0,0,0,1,NA,0,,Definitely worth reading--rooting depth related to soil texture and precip!
journalArticle,2007,"Ignace, Danielle D.; Huxman, Travis E.; Weltzin, Jake F.; Williams, David G.",Leaf gas exchange and water status responses of a native and non-native grass to precipitation across contrasting soil surfaces in the Sonoran Desert,Oecologia,10.1007/s00442-007-0670-x,401-413,3,152,,1,0,0,0,0,1,NA,0,,
journalArticle,2007,"Miller, M.; Mann, Rebecca K.; Goldstein, Harland; Yount, James D.",Ecological investigations of the federally endangered Shivwits milk-vetch (Astragalus ampullarioides)-2006 annual report,US Geological Survey Open-File Report,,,,1050,,1,0,1,0,0,0,NA,0,,
book,2007,"Rodriguez-Iturbe, Ignacio; Porporato, Amilcare",Ecohydrology of water-controlled ecosystems: soil moisture and plant dynamics,,,,,NA,,1,0,,,,,,,,
journalArticle,2007,"Smart, Alexander J.; Dunn, Barry H.; Johnson, Patricia S.; Xu, Lan; Gates, Roger N.",Using weather data to explain herbage yield on three Great Plains plant communities,Rangeland Ecology & Management,,146-153,2,60,,1,1,1,0,0,0,NA,0,,
journalArticle,2007,"Strohbach, Ben J.; Petersen, Andreas",Vegetation of the central Kavango woodlands in Namibia: An example from the Mile 46 Livestock Development Centre,South African Journal of Botany,,391-401,3,73,,1,1,0,0,0,1,NA,0,,
thesis,2008,"Buyantuyev, Alexander",Effects of urbanization on landscape pattern and ecosystem function in Phoenix: A multiscale study,,,,,NA,"Relevant chapter published as ""Urbanization alters spatiotemporal patterns of ecosystem primary production: A case study of the Phoenix metropolitan region, USA",1,0,NA,NA,NA,NA,NA,NA,,
journalArticle,2008,"Cable, Jessica M.; Ogle, Kiona; Williams, David G.; Weltzin, Jake F.; Huxman, Travis E.",Soil texture drives responses of soil respiration to precipitation pulses in the Sonoran Desert: implications for climate change,Ecosystems,,961-979,,11,,1,0,0,0,0,1,1,0,,
journalArticle,2008,"Grigg, Alasdair M.; Veneklaas, Erik J.; Lambers, Hans",Water relations and mineral nutrition of closely related woody plant species on desert dunes and interdunes,Australian Journal of Botany,,27-43,1,56,,1,0,1,0,0,1,NA,0,,
journalArticle,2008,"Grigg, Alasdair M.; Veneklaas, Erik J.; Lambers, Hans",Water relations and mineral nutrition of Triodia grasses on desert dunes and interdunes,Australian Journal of Botany,,408-421,5,56,,1,0,1,0,0,1,NA,0,,
thesis,2008,"Petersen, A.",Pedodiversity of southern African drylands,,,408,,NA,,1,1,1,0,0,1,1,1,Small side-project investigating ITE on dune vs inter-dune soil,Added this after I found reference to it in Herpel (2008)
thesis,2008,"Herpel, Nicole",The Scale-Dependent Variability of Topsoil Properties Reflecting Ecosystem Patchiness in Drylands of Southern Africa,,,,,NA,,1,1,1,0,0,0,NA,0,,
journalArticle,2008,"Ivanov, Valeriy Y.; Bras, Rafael L.; Vivoni, Enrique R.",Vegetation-êhydrology dynamics in complex terrain of semiarid areas: 2. Energy-êwater controls of vegetation spatiotemporal dynamics and topographic niches of favorability,Water Resources Research,10.1029/2006WR005595,2006WR005595,3,44,,1,0,1,0,0,1,NA,0,,Definitely worth reading--models veg-topography and mentions the need for more study of ITE!
journalArticle,2008,"Knapp, Alan K.; Beier, Claus; Briske, David D.; Classen, Aimee T.; Luo, Yiqi; Reichstein, Markus; Smith, Melinda D.; Smith, Stanley D.; Bell, Jesse E.; Fay, Philip A.",Consequences of more extreme precipitation regimes for terrestrial ecosystems,Bioscience,,811-821,9,58,,1,0,1,0,0,0,NA,0,,
journalArticle,2008,"Koechy, Martin",Effects of simulated daily precipitation patterns on annual plant populations depend on life stage and climatic region,BMC Ecology,10.1186/1472-6785-8-4,4,1,8,,1,1,1,0,0,0,NA,0,,
book,2008,"Koenig, Peter Andrew",Gas-exchange responses to pulse rain events by native Hawaiian dry forest vine seedlings and the effect of interaction with a non-native grass,,,,,NA,,1,0,1,0,0,0,NA,0,,
journalArticle,2008,"Lauenroth, William K.; Milchunas, Daniel G.; Sala, Osvaldo E.; Burke, Ingrid C.; Morgan, Jack A.",Net primary production in the shortgrass steppe,"Ecology of the shortgrass steppe: a long term perspective. Oxford Univ. Press, NY",,270-305,,NA,,1,1,1,0,0,0,1,1,,I think there is some new data presented: NRCS data for just NE CO and comparing sand and clay sites and WHC
bookSection,2008,"Tsoar, H.",Land Use and its Effect on the Mobilization and Stabilization of the North-Western Negev Sand Dunes,Arid Dune Ecosystems,,79-89,,200,,1,1,1,0,0,0,NA,0,,
journalArticle,2008,"Weng, Ensheng; Luo, Yiqi",Soil hydrological properties regulate grassland ecosystem responses to multifactor global change: A modeling analysis,Journal of Geophysical Research: Biogeosciences,10.1029/2007JG000539,2007JG000539,G3,113,,1,1,1,0,0,1,1,1,"Nice simulations across soil textures under low, normal, and high precipitation scenarios.",
journalArticle,2009,"Armstrong, R. D.; Fitzpatrick, J.; Rab, M. A.; Abuzar, M.; Fisher, P. D.; O'Leary, G. J.",Advances in precision agriculture in south-eastern Australia. III. Interactions between soil properties and water use help explain spatial variability of crop production in the Victorian Mallee,Crop and Pasture Science,,870-884,9,60,,1,1,0,0,0,1,NA,0,,
journalArticle,2009,"Buyantuyev, A.; Wu, Jianguo","Urbanization alters spatiotemporal patterns of ecosystem primary production: A case study of the Phoenix metropolitan region, USA",Journal of Arid Environments,,512-520,5-Apr,73,,1,0,1,1,1,0,1,1,Tested ITE in urban area.,
journalArticle,2009,"Caylor, Kelly K.; Scanlon, Todd M.; Rodriguez-Iturbe, Ignacio",Ecohydrological optimization of pattern and processes in water-êlimited ecosystems: A trade-êoff-êbased hypothesis,Water Resources Research,10.1029/2008WR007230,2008WR007230,8,45,,1,0,1,0,0,1,1,1,Trade-off hypothesis between water use and drought resistence,
thesis,2009,"Grigg, Alasdair M.","An ecophysiological approach to determine problems associated with mine-site rehabilitation: a case study in the Great Sandy Desert, north-western Australia",,,,,NA,"Chapters published as ""Water relations and mineral nutrition of closely related woody plant species on desert dunes and interdunes"" & ""Water relations and mineral nutrition of Triodia grasses on desert dunes and interdunes""",1,1,NA,NA,NA,NA,NA,NA,,
journalArticle,2009,"Mitchell, Patrick J.; Veneklaas, Erik; Lambers, Hans; Burgess, Stephen SO",Partitioning of evapotranspiration in a semi-arid eucalypt woodland in south-western Australia,Agricultural and Forest Meteorology,,25-37,1,149,,1,0,0,0,0,1,NA,0,,
journalArticle,2009,"Wichern, Florian; Joergensen, Rainer Georg",Soil Microbial Properties Along a Precipitation Transect in Southern Africa,Arid Land Research and Management,10.1080/15324980902817071,115-126,2,23,,1,0,0,0,0,1,NA,0,,
journalArticle,2009,"Yang, Y. H.; Fang, J. Y.; Pan, Y. D.; Ji, C. J.",Aboveground biomass in Tibetan grasslands,Journal of Arid Environments,,91-95,1,73,,1,1,1,0,0,1,1,1,Remote sensing of aboveground biomass in Tibetan grasslands.,
thesis,2010,"Bucini, Gabriela",Woody cover in African savannas: Mapping strategies and ecological insights at regional and continental scales,,,,,NA,"At least one chapter published as ""A continental-scale analysis of tree cover in African savannas""",1,0,NA,NA,NA,NA,NA,NA,Tree cover in African savannas.,
journalArticle,2010,"Curran, Timothy J.; Clarke, Peter J.; Warwick, Nigel WM",Water relations of woody plants on contrasting soils during drought: does edaphic compensation account for dry rainforest distribution?,Australian Journal of Botany,,629-639,8,57,,1,0,1,0,0,1,0,1,Drought on sand and loam soils in dry rainforest (690 mm MAP),"Look closer, there may be ITE support?"
journalArticle,2010,"Dwyer, John M.; Fensham, Rod J.; Fairfax, Russell J.; Buckley, Yvonne M.",Neighbourhood effects influence drought-induced mortality of savanna trees in Australia,Journal of Vegetation Science,10.1111/j.1654-1103.2009.01167.x,573-585,3,21,,1,0,1,0,0,0,NA,0,,
journalArticle,2010,"Enzmann, B. L.; Nonacs, P.",Digging beneath the surface: incipient nest characteristics across three species of harvester ant that differ in colony founding strategy,Insectes Sociaux,10.1007/s00040-009-0056-7,115-123,1,57,,1,0,0,0,0,1,NA,0,,
journalArticle,2010,"Grigg, Alasdair M.; Lambers, Hans; Veneklaas, Erik J.",Changes in water relations for Acacia ancistrocarpa on natural and mine-rehabilitation sites in response to an experimental wetting pulse in the Great Sandy Desert,Plant and Soil,,75-96,,326,,1,1,1,0,0,0,NA,0,,
journalArticle,2010,"Kochendorfer, J. P.; Ramirez, J. A.",Ecohydrologic controls on vegetation density and evapotranspiration partitioning across the climatic gradients of the central United States,Hydrology and Earth System Sciences,,2121-2139,10,14,,0,1,0,0,0,1,NA,0,,
journalArticle,2010,"Kochendorfer, J. P.; Ramirez, J. A.",Modeling the monthly mean soil-water balance with a statistical-dynamical ecohydrology model as coupled to a two-component canopy model,Hydrology and Earth System Sciences,,2099-2120,10,14,,1,1,1,0,1,1,1,1,,
journalArticle,2010,"Rao, Leela E.; Allen, Edith B.; Meixner, Thomas",Risk-êbased determination of critical nitrogen deposition loads for fire spread in southern California deserts,Ecological Applications,10.1890/09-0398.1,1320-1335,5,20,,1,0,0,0,0,1,1,0,Draws on the Austin et al. (2004) paper; uses modeling to explore N deposition and fire.,
journalArticle,2010,"Robinson, David A.; Lebron, Inma; Querejeta, Jose Ignacio",Determining Soil-Tree-Grass Relationships in a California Oak Savanna Using Eco-êGeophysics,Vadose Zone Journal,10.2136/vzj2009.0041,528-536,3,9,,1,0,0,0,0,1,1,0,This is more about texture & 2-layer hypothesis with trees in sandier sites and grasses in more clay-rich sites.,
journalArticle,2010,"Wevill, Tricia; Read, Jennifer","Fine-scale patterns in the distribution of semi-arid tree species at Wyperfeld National Park, southeastern Australia-The potential roles of resource gradients vs disturbance",Journal of arid environments,,482-490,4,74,,1,0,0,0,0,1,NA,0,,
thesis,2010,"Winter, Stephen L.",The interaction of fire and grazing in Oklahoma Artemisia filifolia shrubland,,,,,NA,,1,1,0,0,0,1,NA,0,,
journalArticle,2010,"Zou, Ting; Li, Yan; Xu, Hao; Xu, Gui-Qing",Responses to precipitation treatment for Haloxylon ammodendron growing on contrasting textured soils,Ecological Research,,185-194,,25,,1,0,1,0,0,0,NA,0,,
thesis,2011,"Geldenhuys, Conrad",A functional analysis of the response of the Southern Kalahari dune vegetation to land-use intensity,,,,,NA,,1,0,1,0,0,0,NA,0,,
conferencePaper,2011,"Kacimov, A. R.",Simulation of Darcian evaporation through a heterogeneous soil layer,Proceedings of the International Conference on Scientific Computing (CSC),,1,,NA,,1,0,0,0,0,1,NA,0,,
thesis,2011,"McCallum, Kimberly C.",Regeneration in a changing climate: Modeling and experimental investigations of Pinus edulis recruitment,,,,,NA,,1,1,1,0,0,0,NA,0,,
thesis,2011,"Weng, Ensheng",Understanding ecosystem carbon dynamics by modeling approaches,,,,,NA,"Published as ""Soil hydrological properties regulate grassland ecosystem responses to multifactor global change: A modeling analysis."" in 2008",1,1,NA,NA,NA,NA,NA,NA,,
journalArticle,2011,"Werner, Corey M.; Mason, Joseph A.; Hanson, Paul R.","Non-linear connections between dune activity and climate in the High Plains, Kansas and Oklahoma, USA",Quaternary Research,,267-277,1,75,,1,1,1,0,0,1,NA,0,,
journalArticle,2012,"Barkae, Erez David; Scharf, Inon; Abramsky, Zvika; Ovadia, Ofer","Jack of all trades, master of all: a positive association between habitat niche breadth and foraging performance in pit-building antlion larvae",PLoS One,,e33506,3,7,,1,0,0,0,0,1,NA,0,,
journalArticle,2012,"Bowker, M. A.; Munoz, A.; Martinez, T.; Lau, M. K.",Rare drought-induced mortality of juniper is enhanced by edaphic stressors and influenced by stand density,Journal of arid environments,,45551,,76,,1,0,0,0,0,1,1,0,,
journalArticle,2012,"Cabello, J.; Alcaraz-Segura, D.; Ferrero, R.; Castro, A. J.; Liras, E.",The role of vegetation and lithology in the spatial and inter-annual response of EVI to climate in drylands of Southeastern Spain,Journal of Arid Environments,,76-83,,79,,1,1,0,0,0,1,0,0,Suggested ITE does not hold for Mediterranean climate because evaporation is less important to water balance.,
document,2012,"Dev, Laura; Klein, Julia; Brown, Cynthia; Blumenthal, Dana; Hobbs, N. Thompson",Timing is Important: Seasonality of Precipitation Influences Ecosystem Properties and Response to Grazing,,,,,NA,,0,1,0,0,0,1,NA,0,,
journalArticle,2012,"Fensham, R. J.; Fairfax, R. J.; Dwyer, J. M.",Potential aboveground biomass in drought-prone forest used for rangeland pastoralism,Ecological Applications,10.1890/11-1123.1,894-908,3,22,,1,0,0,0,0,1,1,0,,
journalArticle,2012,"Looney, Christopher E.; Sullivan, Benjamin W.; Kolb, Thomas E.; Kane, Jeffrey M.; Hart, Stephen C.","Pinyon pine (Pinus edulis) mortality and response to water addition across a three million year substrate age gradient in northern Arizona, USA",Plant and Soil,10.1007/s11104-012-1150-6,89-102,2-Jan,357,,1,1,1,0,0,1,1,1,Pinyon pine mortality and response to watering on texture gradient.,
journalArticle,2012,"Luther-Mosebach, Jona; Dengler, Jurgen; Schmiedel, Ute; Rower, Inga Ute; Labitzky, Timo; Grongroft, Alexander","A first formal classification of the Hardeveld vegetation in Namaqualand, South Africa",Applied Vegetation Science,10.1111/j.1654-109X.2011.01173.x,401-431,3,15,,1,0,0,0,0,1,NA,0,,
journalArticle,2012,"Rotkopf, Ron; Barkae, Erez David; Bar-Hanin, Einav; Alcalay, Yehonatan; Ovadia, Ofer","Multi-axis niche examination of ecological specialization: responses to heat, desiccation and starvation stress in two species of pit-building antlions",PLoS One,,e50884,11,7,,1,0,1,0,0,0,NA,0,,
journalArticle,2012,"Ruppert, Jan C.; Holm, Alexander; Miehe, Sabine; Muldavin, Esteban; Snyman, Hennie A.; Wesche, Karsten; Linst√§dter, Anja",Meta-êanalysis of ANPP and rain-êuse efficiency confirms indicative value for degradation and supports non-êlinear response along precipitation gradients in drylands,Journal of Vegetation Science,10.1111/j.1654-1103.2012.01420.x,1035-1050,6,23,,1,1,0,0,0,1,1,0,,
journalArticle,2012,"Sivandran, Gajan; Bras, Rafael L.",Identifying the optimal spatially and temporally invariant root distribution for a semiarid environment,Water Resources Research,10.1029/2012WR012055,2012WR012055,12,48,,0,1,0,0,0,1,1,0,Very interesting work on optimal rooting depths of shrubs vs. grasses on different soil textures.,
journalArticle,2012,"Stark, Brian Jameson","Assessing Eolian Dust Inputs to Soils in Dry Creek Experimental Watershed, SW Idaho",,,,,NA,,1,0,0,0,0,1,NA,0,,
journalArticle,2013,"Chamizo, Sonia; Canton, Yolanda; Lazaro, Roberto; Domingo, Francisco",The role of biological soil crusts in soil moisture dynamics in two semiarid ecosystems with contrasting soil textures,Journal of Hydrology,,74-84,,489,,1,0,0,0,0,1,NA,0,,
journalArticle,2013,"Hall, Sharon J.; Trujillo, Jolene; Nakase, Dana; Strawhacker, Colleen; Kruse-Peeples, Melissa; Schaafsma, Hoski; Briggs, John",Legacies of prehistoric agricultural practices within plant and soil properties across an arid ecosystem,Ecosystems,,1273-1293,,16,,1,1,1,0,0,1,Mixed,0,"Perennial plants supported ITE, but annuals did not--they discuss that annuals may be in a ""wet"" part of a moisture gradient given that they use water during a specific time of year that is wet.",
journalArticle,2013,"Martin, J.; Lopez, P.; Garci≠a, L. V.",Soil characteristics determine microhabitat selection of the fossorial amphisbaenian Trogonophis wiegmanni,Journal of Zoology,10.1111/jzo.12033,265-272,4,290,,1,0,0,0,0,1,NA,0,,
journalArticle,2013,"Nano, Catherine E. M.; Pavey, Chris R.","Refining the ""pulse-reserve"" model for arid central Australia: Seasonal rainfall, soil moisture and plant productivity in sand ridge and stony plain habitats of the Simpson Desert",Austral Ecology,10.1111/aec.12036,741-753,7,38,,1,0,1,0,0,1,1,1,Shrub-grass ratios and abundances on dune/interdunesites.,
journalArticle,2013,"Roskin, Joel; Katra, Itzhak; Blumberg, Dan G.","Late Holocene dune mobilizations in the northwestern Negev dunefield, Israel: A response to combined anthropogenic activity and short-term intensified windiness",Quaternary International,,45588,,303,,1,0,1,0,0,0,NA,0,,
journalArticle,2013,"Rotkopf, Ron; Alcalay, Yehonatan; Bar-Hanin, Einav; Barkae, Erez David; Ovadia, Ofer",Slow growth improves compensation ability: examining growth rate and starvation endurance in pit-building antlions from semi-arid and hyper-arid regions,Evolutionary Ecology,10.1007/s10682-013-9644-0,1129-1144,6,27,,1,0,0,0,0,1,NA,0,,
thesis,2013,"Ruoss, Sacha B.",Restoration ecology of rare shallow-soil endemic flora from a semi-arid biodiversity hotspot,,,,,NA,,1,1,0,0,0,1,0,0,,
journalArticle,2013,"Siegal, Zehava; Tsoar, Haim; Karnieli, Arnon","Effects of prolonged drought on the vegetation cover of sand dunes in the NW Negev Desert: field survey, remote sensing and conceptual modeling",Aeolian Research,,161-173,,9,,1,1,1,0,0,0,NA,0,,
journalArticle,2013,"Travers, Samantha K.; Eldridge, David J.",Aspects of litter dynamics in semi-arid environments in eastern Australia,,,137,,NA,"Published as ""Increased rainfall frequency triggers an increase in litter fall rates of reproductive structures in an arid eucalypt woodland""",1,0,NA,NA,NA,NA,NA,NA,,
journalArticle,2013,"Travers, Samantha K.; Eldridge, David J.",Increased rainfall frequency triggers an increase in litter fall rates of reproductive structures in an arid eucalypt woodland,Austral Ecology,10.1111/aec.12055,820-830,7,38,,1,0,1,0,0,1,0,0,Drought responses in Australia dunes.,
journalArticle,2014,"Alcalay, Yehonatan; Ovadia, Ofer; Scharf, Inon",Behavioral repeatability and personality in pit-building antlion larvae under differing environmental contexts,Behavioral Ecology and Sociobiology,10.1007/s00265-014-1804-x,1985-1993,12,68,,1,0,0,1,0,0,NA,0,,
journalArticle,2014,"Barkae, Erez David; Abramsky, Zvika; Ovadia, Ofer",Can models of density-dependent habitat selection be applied for trap-building predators?,Population Ecology,,175-184,,56,,1,0,1,0,0,0,NA,0,,
journalArticle,2014,"Beal, Lakin K.","Contrasting Effects on Soil Age and Parent Material on Hydraulic Properties in Cold Desert Ecosystems at Craters of the Moon National Monument and Preserve, Idaho, USA",,,,,NA,"Published as ""Controls on ecohydrologic properties in desert ecosystems: Differences in soil age and volcanic morphology""",1,0,NA,NA,NA,NA,NA,NA,"Trees on deeper, coarser soils & soil characteristic curves as would be expected for ITE.",
thesis,2014,"Shepard, Christopher",Soil modulation of ecosystem response to climate forcing and change across the US Desert Southwest,,,,,NA,"Published as ""Subsurface soil textural control of aboveground productivity in the US Desert Southwest""",1,0,NA,NA,NA,NA,NA,NA,Differences in precipitation amount and seasonality between Mojave and Sonoran sites explain different effects on sand in the subsurface layers.,
journalArticle,2014,"Strohbach, Ben J.; Kutuahuripa, Josephat T.",Vegetation of the eastern communal conservancies in Namibia: II. Environmental drivers,Koedoe,10.4102/koedoe.v56i1.1117,12 pages,1,56,,1,0,1,0,0,1,1,0,Broad-leafed savanna of Kalahari relies on favorable soil moisture conditions on deep sands.,
journalArticle,2014,"Thomey, Michell L.; Collins, Scott L.; Friggens, Michael T.; Brown, Renee F.; Pockman, William T.",Effects of monsoon precipitation variability on the physiological response of two dominant C4 grasses across a semiarid ecotone,Oecologia,10.1007/s00442-014-3052-1,751-762,3,176,,1,1,0,0,0,1,1,0,Compared responses of two grasses to different sized precipitation events in three different sites (and soil textures),
bookSection,2015,"Blumler, Mark A.",Deciduous Woodlands in Mediterranean California,Warm-Temperate Deciduous Forests around the Northern Hemisphere,,257-266,,NA,,1,0,1,0,0,0,NA,0,,
journalArticle,2015,"Bork, Edward W.; Irving, Barry D.",Seasonal availability of cool-and warm-season herbage in the northern mixed prairie,Rangelands,,178-185,5,37,,1,1,1,0,0,1,Mixed,0,Compared relative contribution of C3 and C4 (and forbs) production between a dune and loamy site.,
journalArticle,2015,"Fensham, Roderick J.; Butler, Don W.; Foley, Jenny",How does clay constrain woody biomass in drylands?,Global Ecology and Biogeography,10.1111/geb.12319,950-958,8,24,,1,0,1,0,1,1,1,1,"Finds clay content determines tree biomass in general, and tree mortality during drought. Crossover points depend on PET--higher PET means higher crossover point.",
thesis,2015,"Field, John L.",Towards the systematic identification of low-cost ecosystem-mediated carbon sequestration opportunities in bioenergy supply chains,,,,,NA,,1,0,0,0,1,0,NA,0,,
journalArticle,2015,"Hoover, David L.; Duniway, Michael C.; Belnap, Jayne",Pulse-drought atop press-drought: unexpected plant responses and implications for dryland ecosystems,Oecologia,10.1007/s00442-015-3414-3,1211-1221,4,179,,1,1,1,0,0,1,0,1,Substrate (shale vs sand) did not influence response of plants to drought.,
journalArticle,2015,"Sala, Osvaldo E.; Gherardi, Laureano A.; Peters, Debra P. C.",Enhanced precipitation variability effects on water losses and ecosystem functioning: differential response of arid and mesic regions,Climatic Change,10.1007/s10584-015-1389-z,213-227,2,131,,0,1,0,0,0,1,1,0,Sort of ITE--simulated changes in precipitation variability and its impact on soil moisture--the same sites that would presumably benefit from coarser soils seem to also benefit from bigger events. Study sites in the Great Plains.,
journalArticle,2015,"Shepard, Christopher; Schaap, Marcel G.; Crimmins, Michael A.; van Leeuwen, Willem JD; Rasmussen, Craig",Subsurface soil textural control of aboveground productivity in the US Desert Southwest,Geoderma Regional,,44-54,,4,,1,0,0,0,0,1,1,0,Differences in precipitation amount and seasonality between Mojave and Sonoran sites explain different effects on sand in the subsurface layers.,
thesis,2015,"Tipton, Crystal Yates-White",Improving state-and-transition models for management of sagebrush steppe ecosystems,,,,,NA,"Published as ""Revision of a state-and-transition model to include descriptions of state functional attributes""",1,1,NA,NA,NA,NA,NA,NA,,
journalArticle,2015,"Xu, Xiaoming; Li, Dejun; Luo, Yiqi",Modeled ecosystem responses to intra-annual redistribution and levels of precipitation in a prairie grassland,Ecological Modelling,10.1016/j.ecolmodel.2014.11.010,33-41,,297,,1,1,0,0,0,1,1,0,Modeled NPP (and other things) using TECO model with different soil textures and changes in precipitation amount and timing.,
journalArticle,2016,"Beal, Lakin K.; Huber, David P.; Godsey, Sarah E.; Nawotniak, Shannon K.; Lohse, Kathleen A.",Controls on ecohydrologic properties in desert ecosystems: Differences in soil age and volcanic morphology,Geoderma,,32-41,,271,,1,0,0,0,0,1,1,0,"Trees on deeper, coarser soils & soil characteristic curves as would be expected for ITE.",
journalArticle,2016,"Coble, Ashley A.; Hart, Stephen C.",No evidence of resource limitation to aboveground growth of blue grama (Bouteloua gracilis) on 1 ky-old semi-arid substrate,Biogeochemistry,10.1007/s10533-016-0268-7,243-251,2-Jan,131,,1,0,0,0,0,1,1,0,Taller blue grama plants on coarser-textured site.,
journalArticle,2016,"Fick, Stephen E.; Decker, Cheryl; Duniway, Michael C.; Miller, Mark E.",Small-êscale barriers mitigate desertification processes and enhance plant recruitment in a degraded semiarid grassland,Ecosphere,10.1002/ecs2.1354,e01354,6,7,,1,0,1,0,0,0,NA,0,,
journalArticle,2016,"Gamoun, Mouldi","Rain Use Efficiency, Primary Production and Rainfall Relationships in Desert Rangelands of Tunisia",Land Degradation & Development,10.1002/ldr.2418,738-747,3,27,,1,1,0,0,0,1,1,0,Rainfall was more effective (for ANPP) on coarser-textured soils.,
journalArticle,2016,"Glenn, Edward P.; Jarchow, Christopher J.; Waugh, W. Joseph",Evapotranspiration dynamics and effects on groundwater recharge and discharge at an arid waste disposal site,Journal of Arid Environments,10.1016/j.jaridenv.2016.05.003,45300,,133,,1,0,0,0,0,1,NA,0,,
journalArticle,2016,"Moxham, Claire; Dorrough, Josh; Bramwell, Mick; Farmilo, Brad J.",Fire exclusion and soil texture interact to influence temperate grassland flora in south-eastern Australia,Australian Journal of Botany,,417-426,5,64,,0,1,0,0,0,1,0,0,High cover of grass on fine soils.,
bookSection,2016,"Spielmann, Katherine A.; Hall, Sharon J.; Kruse-Peeples, Melissa R.; Nakase, Dana K.; Trujillo, Jolene E.",Soil Texture and Agricultural Resilience in the Prehistoric Southwest,Viewing the future in the past,,106-118,,NA,,0,1,1,0,0,0,NA,0,,
journalArticle,2016,"Tietjen, Britta",Same rainfall amount different vegetation-How environmental conditions and their interactions influence savanna dynamics,Ecological Modelling,,13-22,,326,,1,1,0,0,0,1,1,0,"Used simulation model to investigate effects of precipitation, soil texture, and topography on productivity of vegetation.",
journalArticle,2016,"Travers, Samantha K.; Eldridge, David J.",Does litter decomposition vary between the foraging pits of two soil-êdisturbing mammal species?,Earth Surface Processes and Landforms,10.1002/esp.3892,669-676,5,41,,1,0,0,0,0,1,NA,0,,
journalArticle,2016,"Yang, Xuebin; Crews, Kelley A.; Yan, Bowei",Analysis of the pattern of potential woody cover in Texas savanna,International journal of applied earth observation and geoinformation,,527-531,,52,,1,0,0,0,0,1,NA,0,,
journalArticle,2017,"Augustine, David J.; Derner, Justin D.; Milchunas, Daniel; Blumenthal, Dana; Porensky, Lauren M.",Grazing moderates increases in C3 grass abundance over seven decades across a soil texture gradient in shortgrass steppe,Journal of Vegetation Science,10.1111/jvs.12508,562-572,3,28,,1,1,1,0,0,0,NA,0,,
thesis,2017,"Huber, David P.",Precipitation Timing and Control Volumes Regulate Carbon and Nutrient Cycling in Cold Desert Soils,,,,,NA,,1,0,1,0,0,1,NA,0,,
journalArticle,2017,"Maynard, Jonathan J.; Levi, Matthew R.",Hyper-temporal remote sensing for digital soil mapping: Characterizing soil-vegetation response to climatic variability,Geoderma,10.1016/j.geoderma.2016.09.024,94-109,,285,,0,1,1,0,0,0,NA,0,,
thesis,2017,"Yang, Xuebin","Research on Texas savannas: fractional woody cover mapping, potential woody cover modelling, and woody plant encroachment analysis",,,,,NA,"Published in 2016 as ""Analysis of the pattern of potential woody cover in Texas savanna""",1,0,NA,NA,NA,NA,NA,NA,,
bookSection,2018,"Blumler, Mark A.","What Is the ""True"" Mediterranean-Type Vegetation?",Geographical Changes in Vegetation and Plant Functional Types,,117-139,,NA,,1,0,1,0,0,0,NA,0,,
journalArticle,2018,"Eldridge, David J.; Delgado-Baquerizo, Manuel; Travers, Samantha K.; Val, James; Oliver, Ian; Dorrough, Josh W.; Soliveres, Santiago","Livestock activity increases exotic plant richness, but wildlife increases native richness, with stronger effects under low productivity",Journal of Applied Ecology,10.1111/1365-2664.12995,766-776,2,55,,1,0,1,0,0,0,NA,0,,
journalArticle,2018,"Havrilla, Caroline A.; Barger, Nichole N.",Biocrusts and their disturbance mediate the recruitment of native and exotic grasses from a hot desert ecosystem,Ecosphere,10.1002/ecs2.2361,e02361,7,9,,1,0,0,0,0,1,1,0,Seedling growth and survival higher on coarse-textured soil.,
journalArticle,2018,"Pornaro, Cristina; Vincenzi, Valentina; Furin, Stefano; Fazzini, Massimiliano; Minarelli, Luca; Macolino, Stefano",Seasonal changes in dry matter yield from Karst pastures as influenced by morphoclimatic features,Plos one,,e0204092,9,13,,0,1,0,0,0,1,NA,0,,
journalArticle,2018,"Sanaei, Anvar; Chahouki, Mohammad Ali Zare; Ali, Arshad; Jafari, Mohammad; Azarnivand, Hossein",Abiotic and biotic drivers of aboveground biomass in semi-steppe rangelands,Science of the Total Environment,,895-905,,615,,1,1,1,0,0,1,1,0,Aboveground biomass higher on coarse-textured soils.,
journalArticle,2018,"Tipton, C. Y.; Ocheltree, T. W.; Mueller, K. E.; Turk, P.; Fernandez-Gimenez, M. E.",Revision of a state-êand-êtransition model to include descriptions of state functional attributes,Ecosphere,10.1002/ecs2.2201,e02201,5,9,,1,1,0,0,0,1,NA,0,,They do mention that shrub-grass interactions may depend on distribution on soil water resources.
journalArticle,2018,"Zhou, Zhenghu; Wang, Chuankuan; Luo, Yiqi",Response of soil microbial communities to altered precipitation: A global synthesis,Global Ecology and Biogeography,10.1111/geb.12761,1121-1136,9,27,,1,1,1,0,0,1,NA,0,"Microbial growth on coarse and fine textured soils with increased or decreased precipitation (they say results don't support ITE, but perhaps they do?)","Note: This is a paper about microbes, not plants, not relevant."
journalArticle,2019,"Ali, Arshad; Lin, Si-Liang; He, Jie-Kun; Kong, Fan-Mao; Yu, Jie-Hua; Jiang, Hai-Sheng",Climatic water availability is the main limiting factor of biotic attributes across large-scale elevational gradients in tropical forests,Science of the Total Environment,,1211-1221,,647,,0,1,1,0,0,0,NA,0,,"Importantly, this is talking more about a ""texture effect"" where productivity is higher on fine soils in wet regions (tropical forests)."
journalArticle,2019,"Barnard, David M.; Germino, Matthew J.; Arkle, Robert S.; Bradford, John B.; Duniway, Michael C.; Pilliod, David S.; Pyke, David A.; Shriver, Robert K.; Welty, Justin L.",Soil characteristics are associated with gradients of big sagebrush canopy structure after disturbance,Ecosphere,10.1002/ecs2.2780,e02780,6,10,,1,1,0,0,0,1,NA,0,,
journalArticle,2019,"Diaz, Ismael; Achkar, Marcel; Crisci, Carolina; Mazzeo, Nestor",Natural and land-use drivers of primary production in a highly vulnerable region of livestock production (Sierras del Este-Uruguay),,,,,NA,,1,1,0,0,0,1,1,0,Higher productivity of grassland in Uruguay on coarser soils during drought (opposite during wet periods).,
bookSection,2019,"Epstein, H. E.; Lauenroth, W. K.; Paruelo, J. M.; Pineiro, G.; Burke, I. C.; Barrett, J. E.",Interactions of Water and Nitrogen on Primary Productivity Across Spatial and Temporal Scales in Grassland and Shrubland Ecosystems,Dryland Ecohydrology,,417-437,,NA,,1,1,1,0,0,0,NA,0,,
journalArticle,2019,"Ji, Wenjie; Hanan, Niall P.; Browning, Dawn M.; Monger, H. Curtis; Peters, Debra P. C.; Bestelmeyer, Brandon T.; Archer, Steve R.; Ross, C. Wade; Lind, Brianna M.; Anchang, Julius; Kumar, Sanath S.; Prihodko, Lara",Constraints on shrub cover and shrub-shrub competition in a U.S. southwest desert,Ecosphere,10.1002/ecs2.2590,e02590,2,10,,1,0,1,0,0,0,Mixed,1,Shrub cover increased initially with clay content then decreased as % clay exceeded 18%.,Very interesting case where coarsest soils are sand sheets--I wonder if this has to do with soil stability.
journalArticle,2019,"Mahgoub, Alaa M. M. A.","Comparative view for the impact of five eco factors on species distribution and weed community structure in Isthmus of Suez and adjoining farmland east Nile delta, Egypt",Heliyon,10.1016/j.heliyon.2019.e02161,,8,5,,0,1,0,0,0,1,NA,0,,
journalArticle,2019,"Osborn, Blake J.; Williams, David G.","Lodgepole pine tree-ring growth, delta 13 C and the inverse texture effect across a soil chronosequence in glacial till",Plant and Soil,,387-399,,443,,1,1,1,0,0,1,0,1,Ring widths of lodgepole pines along soil texture gradient--did not support ITE; MAP = 863.,
journalArticle,2019,"Renne, Rachel R.; Bradford, John B.; Burke, Ingrid C.; Lauenroth, William K.",Soil texture and precipitation seasonality influence plant community structure in North American temperate shrub steppe,Ecology,10.1002/ecy.2824,e02824,11,100,,1,1,1,0,0,1,1,1,ITE relevant with different functional types considering the season of precipitation thought to be most relevant to their growth.,
journalArticle,2019,"Sanaei, Anvar; Ali, Arshad",What is the role of perennial plants in semi-steppe rangelands? Direct and indirect effects of perennial on annual plant species,Ecological Indicators,,389-396,,98,,1,1,0,1,0,0,NA,0,,
journalArticle,2019,"Sanaei, Anvar; Li, Mingshi; Ali, Arshad","Topography, grazing, and soil textures control over rangelands' vegetation quantity and quality",Science of the Total Environment,,134153,,697,,1,1,1,0,0,1,Mixed,0,Coarse soils favored shrubs while fine soils favored grasses in semi-stepp rangelands of Iran.,
journalArticle,2019,"Theilmann, Mira Lizabeth",Interactions Between Ecosystem Dynamics On Belowground Microbial Community Capacity Under Semiarid And Arid Conditions,,,,,NA,,1,0,1,0,0,0,NA,0,,
journalArticle,2019,"Thoma, David P.; Munson, Seth M.; Witwicki, Dana L.",Landscape pivot points and responses to water balance in national parks of the southwest US,Journal of Applied Ecology,10.1111/1365-2664.13250,157-167,1,56,,1,1,0,0,0,1,Mixed,0,May find results inconsistent with ITE at extremes of soil texture.,
journalArticle,2019,"Van Der Merwe, Helga; Van Rooyen, Noel; Bezuidenhout, Hugo; Bothma, Jacobus Du P.; Van Rooyen, Margaretha W.","Vachellia erioloba dynamics over 38 years in the Kalahari Gemsbok National Park, South Africa",Koedoe,10.4102/koedoe.v61i1.1534,,1,61,,1,0,1,0,0,0,NA,0,,
thesis,2019,"Wagner, Svenja",Effects of Water Holding Capacity and Precipitation on Above Ground Net Primary Production,,,,,NA,Thesis does not appear to have been published in a journal.,1,1,1,0,0,0,NA,0,Looked at effect of depth to caliche layer on annual ANPP with constant soil texture.,
journalArticle,2019,"Whipple, Amy V.; Cobb, Neil S.; Gehring, Catherine A.; Mopper, Susan; Flores-Renteria, Lluvia; Whitham, Thomas G.",Long-term studies reveal differential responses to climate change for trees under soil-or herbivore-related stress,Frontiers in Plant Science,,132,,10,,1,0,1,0,0,1,1,0,P. edulis stem growth less affected by drought on coarse- than fine-textured soil.,
journalArticle,2020,"Ali, Arshad; Sanaei, Anvar; Li, Mingshi; Nalivan, Omid Asadi; Ahmadaali, Khaled; Pour, Mohsen Javanmiri; Valipour, Ahmad; Karami, Jalil; Aminpour, Mohammad; Kaboli, Hasan","Impacts of climatic and edaphic factors on the diversity, structure and biomass of species-poor and structurally-complex forests",Science of the total environment,,135719,,706,,0,1,1,0,0,0,NA,0,"This is about forests. Sand is negatively related to aboveground biomass and species richness, i.e., the ""texture effect"".",
thesis,2020,"Aney, Gjertrud E.",Landscape-Scale Modeling of Drought-and Insect-Related Tree Mortality in Northern New Mexico,,,,,NA,Thesis does not appear to have been published in a journal.,1,1,1,0,0,0,NA,0,Pinyon mortality.,
journalArticle,2020,"Detsis, Vassilis; Efthimiou, Georgios; Theodoropoulou, Olga; Siorokou, Stavroula",Determination of the environmental factors that affect the growth and survival of Greek Fir seedlings,Land,,100,4,9,,1,1,1,0,0,1,1,0,Establishment of fir seedlings at site with different soils in years with different drought/rainfall in a Mediterranean site in Greece.,
journalArticle,2020,"Duncan, Corrine; Good, Megan K.; Sluiter, Ian; Cook, Simon; Schultz, Nick L.",Soil reconstruction after mining fails to restore soil function in an Australian arid woodland,Restoration Ecology,10.1111/rec.13166,,S1,28,,1,1,1,0,0,0,NA,0,Using soil texture to understand success/failure of restoration after mining in Australia.,
preprint,2020,"Goebl, April M.; Kane, Nolan C.; Doak, Daniel F.; Rieseberg, Loren H.; Ostevik, Kate L.",Contrasting selection at multiple life stages maintains divergent adaptation between sunflower ecotypes,bioRxiv,,2020-08,,NA,Published later in Molecular Ecology,1,1,NA,NA,NA,NA,NA,NA,,
journalArticle,2020,"Guo, Jessica S.; Hultine, Kevin R.; Koch, George W.; Kropp, Heather; Ogle, Kiona",Temporal shifts in iso/anisohydry revealed from daily observations of plant water potential in a dominant desert shrub,New Phytologist,10.1111/nph.16196,713-726,2,225,,1,0,0,0,0,1,NA,0,,
journalArticle,2020,"Holdo, Ricardo M.; Onderdonk, Daphne A.; Barr, Annabelle G.; Mwita, Meshak; Anderson, T. Michael","Spatial transitions in tree cover are associated with soil hydrology, but not with grass biomass, fire frequency, or herbivore biomass in Serengeti savannahs",Journal of Ecology,10.1111/1365-2745.13303,586-597,2,108,,1,0,1,0,0,1,1,1,"""Our results suggest that the modulating effects of soils on water availability may be far more important than MAP in driving tree cover patterns in Serengeti.""",
journalArticle,2020,"Liu, Hu; Wu, Chuandong; Yu, Yang; Zhao, Wenzhi; Yang, Qiyue; Wang, Sijia; Liu, Jintao",Modeling the physiological responses of a desert shrub to rainfall pulses in an arid environment in northwestern China,Journal of Arid Environments,,104277,,183,,1,0,0,0,0,1,1,0,Modeled plant response to rainfall pulses and found big differences across soil textures.,
journalArticle,2020,"Villa, Pedro Manuel; Ali, Arshad; Martins, Sebastiao Venancio; de Oliveira Neto, Silvio Nolasco; Rodrigues, Alice Cristina; Teshome, Mindaye; Carvalho, Fabricio Alvim; Heringer, Gustavo; Gastauer, Markus",Stand structural attributes and functional trait composition overrule the effects of functional divergence on aboveground biomass during Amazon forest succession,Forest Ecology and Management,,118481,,477,,0,1,1,0,0,0,NA,0,This is about forests. Says productivity should be higher on clays in forests.,
journalArticle,2020,"Wang, Guohua; Gou, Qianqian; Hao, Yulian; Zhao, Huimin; Zhang, Xiafang",Dynamics of soil water content across different landscapes in a typical desert-oasis ecotone,Frontiers in Environmental Science,,577406,,8,,1,0,0,0,0,1,NA,0,,
journalArticle,2020,"Ye, Zu-Xin; Cheng, Wei-Ming; Zhao, Zhi-Qi; Guo, Jian-Yang; Yang, Ze-Xian; Wang, Rui-Bo; Wang, Nan","Spatio-Temporal characteristics of drought events and their effects on vegetation: A case study in southern Tibet, China",Remote Sensing,,4174,24,12,,1,0,0,0,1,0,NA,0,Vegetation vulnerability to drought positively correlated to silt content and negatively to gravel content in a Tibet study using NDVI.,
journalArticle,2020,"Zang, YongXin; Min, XiaoJun; de Dios, Victor Resco; Ma, JianYing; Sun, Wei","Extreme drought affects the productivity, but not the composition, of a desert plant community in Central Asia differentially across microtopographies",Science of the Total Environment,,137251,,717,,1,1,1,0,0,1,1,0,"ANPP decreased with clay content within each of 4 microtopographies on dunes--range of clay is 0 to 1.2% (so very low!), but relationships are still significant.",
journalArticle,2021,"Ding, Jingyi; Travers, Samantha Kay; Eldridge, David John",Occurrence of Australian woody species is driven by soil moisture and available phosphorus across a climatic gradient,Journal of Vegetation Science,10.1111/jvs.13095,e13095,6,32,,1,0,1,0,0,1,1,0,Woody plants did better on finer soils in subhumid zones but not in arid zones.,Relevant for plant functional type dominance overview.
journalArticle,2021,"Gagnon, Alyson; Ploughe, Laura W; Harris, Michelle P; Gardner, Wendy C; Pypker, Thomas; Fraser, Lauchlan H",Grassland reclamation of a copper mine tailings facility: Long-êterm effects of biosolids on plant community responses,Applied Vegetation Science,10.1111/avsc.12612,e12612,4,24,,1,1,0,0,0,1,1,0,Plant cover higher on silt loam than sandy site in this semi-arid environment (presumed above cross-over point).,
thesis,2021,"Giddens, Jonathan","The effects of precipitation, tree size, and stand density on water use and drought tolerance of eastern redcedar in Oklahoma, USA",,,,,NA,Does not appear to have been published in a journal.,1,0,0,0,0,1,NA,0,,
journalArticle,2021,"Hacker, Ronald B.; McDonald, Sarah E.",Prospects for sustainable use of the pastoral areas of Australia-ôs southern rangelands: a synthesis,The Rangeland Journal,,185-209,4,43,,1,0,1,0,0,0,NA,0,,
journalArticle,2021,"Hou, Enqing; Litvak, Marcy E.; Rudgers, Jennifer A.; Jiang, Lifen; Collins, Scott L.; Pockman, William T.; Hui, Dafeng; Niu, Shuli; Luo, Yiqi",Divergent responses of primary production to increasing precipitation variability in global drylands,Global Change Biology,10.1111/gcb.15801,5225-5237,20,27,,0,1,0,0,0,1,1,0,"Modeled ANPP with more variability in ppt, increases larger on sandy loam than loam except at very low MAP (<100mm), and decreases smaller at wetter sites.",
journalArticle,2021,"Jiang, Lubing; Liu, Hongyan; Peng, Zhaoyu; Dai, Jingyu; Zhao, Fengjun; Chen, Zhiting",Root system plays an important role in responses of plant to drought in the steppe of China,Land Degradation & Development,10.1002/ldr.3930,3498-3506,13,32,,1,1,1,0,0,1,0,0,"Biomass was related to aridity index, not soil texture.",
thesis,2021,"KONG, Kaman",Processes linking wind erosion and ecosystem dynamics in a dust source hotspot in East Asia,,,,,NA,Published as Kong et al. 2021. How plant production in the Mongolian grasslands is affected by wind-eroded coarse-textured topsoil.,1,1,NA,NA,NA,NA,NA,NA,Results appear to be opposite of inverse texture effect.,
journalArticle,2021,"Kong, Kaman; Nandintsetseg, Banzragch; Shinoda, Masato",How plant production in the Mongolian grasslands is affected by wind-eroded coarse-textured topsoil,Journal of Arid Environments,,104443,,189,,1,1,1,0,0,1,0,1,Not sure they really tested ITE very well--given they looked at sand content vs soil moisture content.,
preprint,2021,"Kucuk, Caglar; Koirala, Sujan; Carvalhais, Nuno; Miralles, Diego G.; Reichstein, Markus; Jung, Martin",Characterising the response of vegetation cover to water limitation in Africa using geostationary satellites,,10.1002/essoar.10504964.2,,,NA,Published in 2022,1,1,NA,NA,NA,NA,NA,NA,,
journalArticle,2021,"Lazarus, Brynne E.; Germino, Matthew J.",Post-fire management targeting invasive annual grasses may have inadvertently released the exotic perennial forb Chondrilla juncea and suppressed its biocontrol agent,Biological Invasions,10.1007/s10530-021-02481-z,1915-1932,6,23,,1,0,0,0,0,1,NA,0,Speculation about why sand might favor a tap-rooted invasive species in some cases.,
journalArticle,2021,"Peters, Debra PC; Savoy, Heather M.; Stillman, Susan; Huang, Haitao; Hudson, Amy R.; Sala, Osvaldo E.; Vivoni, Enrique R.",Plant species richness in multiyear wet and dry periods in the Chihuahuan Desert,Climate,,130,8,9,,1,1,0,0,0,1,NA,0,,
thesis,2021,"WAINWRIGHT, BROOKE E.",What does the future look like? Plant community change at the recruitment life stage,,,,,NA,Does not appear to have been published in a journal.,1,0,0,0,0,1,0,0,ITE doesn't seem to hold for recruitmet comparing sandier Chihuahuan Desert and more clay rich Great Plains sites.,
journalArticle,2021,"Zang, YongXin; Ma, JianYing; Zhou, XiaoBing; Tao, Ye; Yin, BenFeng; Zhang, YuanMing","Extreme precipitation increases the productivity of a desert ephemeral plant community in Central Asia, but there is no slope position effect",Journal of Vegetation Science,10.1111/jvs.13077,e13077,5,32,,1,1,1,0,0,1,1,0,ANPP with extreme precipitation treatment compared to control across different dune aspects with different clay contents (0 to 1.2%),
journalArticle,2022,"Abbasi, Umar Aftab; Mattsson, Eskil; Nissanka, Sarath Premalal; Ali, Arshad","Biological, structural and functional responses of tropical forests to environmental factors",Biological Conservation,10.1016/j.biocon.2022.109792,109792,,276,,1,0,0,0,0,1,NA,0,This is about tropical forests.,
journalArticle,2022,"Ali, Arshad; Mattsson, Eskil; Nissanka, Sarath Premalal",Big-sized trees and species-functional diversity pathways mediate divergent impacts of environmental factors on individual biomass variability in Sri Lankan tropical forests,Journal of Environmental Management,,115177,,315,,0,1,1,0,0,0,NA,0,This is about tropical forests.,
journalArticle,2022,"Goebl, April M.; Kane, Nolan C.; Doak, Daniel F.; Rieseberg, Loren H.; Ostevik, Kate L.",Adaptation to distinct habitats is maintained by contrasting selection at different life stages in sunflower ecotypes,Molecular Ecology,10.1111/mec.16785,e16785,4,33,<p>e16785 MEC-22-0731.R1</p>,1,0,0,0,0,1,NA,0,,
journalArticle,2022,"Gupta, Surya; Bonetti, Sara; Lehmann, Peter; Or, Dani",Limited role of soil texture in mediating natural vegetation response to rainfall anomalies,Environmental Research Letters,,034012,3,17,,1,0,1,0,1,1,1,1,"""we found (a) decreasing crop yield with increasing sand content during dry years because of water limitations and (b) evidence of inverse texture effect for natural vegetation in arid regions.""",
journalArticle,2022,"Havrilla, Caroline A.; Bradford, John B.; Yackulic, Charles B.; Munson, Seth M.",Divergent climate impacts on C3 versus C4 grasses imply widespread 21st century shifts in grassland functional composition,Diversity and Distributions,,,,NA,,1,0,0,0,0,1,1,0,C3 vs C4 grass habitat suitability influenced by interaction of climate and soils,Could be useful for thinking about species-specific inverse texture effects.
journalArticle,2022,"Holguin, Jennifer; Collins, Scott L.; McLaren, Jennie R.",Belowground responses to altered precipitation regimes in two semi-arid grasslands,Soil Biology and Biochemistry,10.1016/j.soilbio.2022.108725,108725,,171,,1,0,0,0,0,1,0,0,BNPP appears to have been higher on fine-textured soils under extreme drought conditions on fine- rather than coarse-textured soils.,
journalArticle,2022,"Jiang, Lubing; Wu, Lu; Liu, Hongyan; He, Wenqi; Shi, Liang; Xu, Chongyang; Xiang, Changlin",Coarsened soil reduces drought resistance of fibrous-rooted species on degraded steppe,Ecological Indicators,,109644,,145,,0,1,1,0,0,1,1,0,Found higher productivity on coarse than fine textured soils.,
journalArticle,2022,"Kucuk, Caglar; Koirala, Sujan; Carvalhais, Nuno; Miralles, Diego G.; Reichstein, Markus; Jung, Martin",Characterizing the Response of Vegetation Cover to Water Limitation in Africa Using Geostationary Satellites,Journal of Advances in Modeling Earth Systems,10.1029/2021MS002730,e2021MS002730,3,14,,1,1,1,0,0,1,0,1,Tested with soil moisture content instead of along rainfall gradient--perhaps obscuring results.,
journalArticle,2022,"Mucina, Ladislav; Lotter, Mervyn C.; Rutherford, Michael C.; Van Niekerk, Adriaan; Macintyre, Paul D.; Tsakalos, James L.; Timberlake, Jonathan; Adams, Janine B.; Riddin, Taryn; Mccarthy, Lauren K.",Forest biomes of Southern Africa,New Zealand Journal of Botany,10.1080/0028825X.2021.1960383,377-428,4,60,,1,0,1,0,0,0,NA,0,,
journalArticle,2022,"Shayaguli, J.; Zang, Y.X.; Yin, B.F.; Mamtimin, S.; Zhang, Y.M.",Responses of aboveground and belowground net primary productivity of ephemeral plants to extreme drought and extreme precipitation.,Chinese Journal of Applied Ecology,,3245-3252,12,33,,0,1,1,0,0,1,1,0,"Not written in English, one figure suggests under average and dry conditions, NPP declines with clay (0-1.2%), and under high precipitation NPP is not affected by clay.",Seems to be part of a series of similar papers; not sure how different results are from Zang et al. 2021 above.
thesis,2022,"Smith, Tanner Corless",Biophysical Factors Control Invasive Grass Hot Spots in the Mojave Desert,,,,,NA,"This did become a paper, but the authors removed reference to the inverse-texture effect for the paper.",1,1,0,0,0,1,NA,0,,
journalArticle,2022,"Veblen, Kari E.; Nehring, Kyle C.; Duniway, Michael C.; Knight, Anna; Monaco, Thomas A.; Schupp, Eugene W.; Boettinger, Janis L.; Villalba, Juan J.; Fick, Stephen; Brungard, Colby; Thacker, Eric",Soil depth and precipitation moderate soil textural effects on seedling survival of a foundation shrub species,Restoration Ecology,10.1111/rec.13700,e13700,6,30,,1,1,1,0,0,0,1,0,"Seedling survival in wet years is higher on coarser soils, and older seedlings also do better on coarse-textured soils.",
journalArticle,2022,"Zang, YongXin; Ma, JianYing; Zhou, XiaoBing; Tao, Ye; Yin, BenFeng; Shayaguli, Jigeer; Zhang, YuanMing",Effects of extreme drought and extreme precipitation on aboveground productivity of ephemeral plants across different slope positions along sand dunes,Chinese Journal of Plant Ecology,10.17521/cjpe.2021.0473,1537-1550,12,46,,1,1,1,0,0,0,NA,0,,Not in English; only reference to Noy-Meir is in first part of paper (verified that this is not a direct investigation of ITE using Google Lens to translate around the reference.)
journalArticle,2022,"Zhu, Xinrong; Liu, Hongyan; Xu, Chongyang; Wu, Lu; Shi, Liang; Liu, Feng",Soil coarsening alleviates precipitation constraint on vegetation growth in global drylands,Environmental Research Letters,10.1088/1748-9326/ac953f,114008,11,17,,1,0,1,0,0,1,1,1,"Global assessment of precip x soil texture interaction in drylands, particularly during drought.",
journalArticle,2023,"Ali, Arshad","Biodiversity-ecosystem functioning research: Brief history, major trends and perspectives",Biological Conservation,,110210,,285,,1,1,1,0,0,0,NA,0,"Review/perspective on biodiversit-ecosystem function research, lists ITE as a key theory, but I really don't see that it is.",
journalArticle,2023,"Dongzhi, Huangqing; Xueying, Chen; Mingming, Shi; Liusheng, Yang; Baoxi, Ou; Duiming, Yan; Baolong, Wang; Xiaodong, Guo; Zeyu, Li; Peili, Shi",The Spatial Distribution and Driving Factors of Carbon Storage in the Grassland Ecosystems of the Northern Tibetan Plateau,Journal of Resources and Ecology,10.5814/j.issn.1674-764x.2023.05.001,,5,14,,1,0,0,0,0,1,NA,0,State that results about higher soil carbon density on clays is consistent with ITE--not sure where this came from.,
journalArticle,2023,"Farrell, Hannah L.; Munson, Seth M.; Butterfield, Bradley J.; Duniway, Michael C.; Faist, Akasha M.; Gornish, Elise S.; Havrilla, Caroline A.; Larios, Loralee; Reed, Sasha C.; Rowe, Helen I.; Laushman, Katherine M.; McCormick, Molly L.",Soil surface treatments and precipitation timing determine seedling development across southwestern US restoration sites,Ecological Applications,10.1002/eap.2834,e2834,4,33,,0,1,0,0,0,1,1,0,Faster growth of perennial forbs (estimated by forb height) in sandier soils.,
journalArticle,2023,"Gao, Xiaotian; Li, Frank Yonghong",The inverse texture effect of soil on vegetation in temperate grasslands of China: Benchmarking soil texture effect,Geoderma,,116641,,438,,1,1,1,1,1,1,1,1,"Found ITE using NDVI in temperate grasslands in China. Propose using ""neutral"" loam as benchmark.",
journalArticle,2023,"Holdrege, Martin C.; Kulmatiski, Andrew; Beard, Karen H.; Palmquist, Kyle A.","Precipitation Intensification Increases Shrub Dominance in Arid, Not Mesic, Ecosystems",Ecosystems,10.1007/s10021-022-00778-1,568-584,3,26,,1,0,1,0,0,1,0,0,Smallest increases in shrub transpiration on sandier soils with increased precipitation intensity--but important results on SILT rich soils (hold more plant available water without losing it to drainage!),
journalArticle,2023,"Lichter-Marck, Isaac H.; Baldwin, Bruce G.","Edaphic specialization onto bare, rocky outcrops as a factor in the evolution of desert angiosperms",Proceedings of the National Academy of Sciences,10.1073/pnas.2214729120,e2214729120,6,120,,0,1,0,0,0,1,NA,0,,
journalArticle,2023,"Mensah, Sylvanus; Noulekoun, Florent; Dimobe, Kangbeni; Seifert, Thomas; Glele Kakai, Romain",Climate and soil effects on tree species diversity and aboveground carbon patterns in semi-arid tree savannas,Scientific Reports,,11509,1,13,,1,1,1,0,0,1,1,1,Higher aboveground carbon in trees on sandy soils along ppt gradient 700-1300 mm in West Africa.,
journalArticle,2023,"Villa, Pedro Manuel; Meira-Neto, Joao Augusto Alves; Diniz, Ecio Souza; Ali, Arshad; Neri, Andreza Viana; Martins, Sebastiao Venancio; Campos, Pr√imula Viana; Pinto-Junior, Herval Vieira; da Costa, Jamerson Souza; Coelho, Alex Joselio Pires",Soil factors rather than stand age drive tree phylogenetic diversity along Amazon Forest succession,Ecological Engineering,,106915,,189,,0,1,1,0,0,0,NA,0,Soil effects on diversity in Amazon Forest.,
journalArticle,2023,"Yi, Xiaobo; Luo, Ji; Wang, Pengyan; Guo, Xiao; Deng, Yuanjie; Du, Tao; Wang, Haijun; Jiao, Cuicui; Yuan, Guofu; Shao, Mingan",Spatial and temporal variations in soil moisture for a tamarisk stand under groundwater control in a hyper-arid region,Water,,3403,19,15,,1,0,0,0,0,1,NA,0,"Propose a ""positive texture effect"" for hyper-arid regions where the main input of water is from the water table, rising through capillary action to become available to plants (!!). Inputs from above are rare (e.g., 100 yr heavy ppt events).",
journalArticle,2023,"Zhang, Hongwei; Tian, Lihui; Hasi, Eerdun; Zhang, Dengshan; Wu, Wangyang","Vegetation-soil dynamics in an alpine desert ecosystem of the Qinghai Lake watershed, northeastern Qinghai-Tibet Plateau",Frontiers in Environmental Science,10.3389/fenvs.2023.1119605,,,11,,1,0,0,0,0,1,NA,0,,
journalArticle,2024,"Bargues-Tobella, Aida; Winowiecki, Leigh Ann; Sheil, Douglas; Vagen, Tor-Gunnar",Determinants of Field-êSaturated Soil Hydraulic Conductivity Across Sub-êSaharan Africa: Texture and Beyond,Water Resources Research,10.1029/2023WR035510,e2023WR035510,1,60,,1,0,0,0,0,1,NA,0,Tree cover had larger effect on field saturated hydraulic conductivity on coarse-textured soils.,
journalArticle,2024,"Biancari, Lucio; Aguiar, Martin; Saiz, Hugo; Gross, Nicolas; Le Bagousse-Pinguet, Yoann; Eldridge, David; Maestre, Fernando",Upper boundary on tree cover at global drylands,New Phytologist,,,,NA,,1,0,0,0,0,1,Mixed,0,ITE not evident for maximum tree cover--and coarse soils have higher max tree cover at both low and high precipitation (~100-900 mm MAP).,
thesis,2024,"Bradfield, Scott Jared; Ocheltree, Troy W.; Knapp, Alan K.; Hoffman, Chad M.; Augustine, David J.","DYNAMICS OF STRESS AND MORTALITY FOR GRASS DOMINATED ECOSYSTEMS: AN INTERPLAY OF WATER LIMITATION, HEAT, AND EROSION",,,,,NA,,1,0,1,0,0,0,NA,0,,
bookSection,2024,"Brown, Gary; Feulner, Gary R.",The Vegetation of the United Arab Emirates and Ecosystem Management Issues,A Natural History of the Emirates,,121-159,,NA,,1,0,1,0,0,0,NA,0,,
journalArticle,2024,"Brown, Renee F.; Collins, Scott L.",Revisiting the bucket model: Long-êterm effects of rainfall variability and nitrogen enrichment on net primary production in a desert grassland,Journal of Ecology,10.1111/1365-2745.14258,629-641,3,112,,1,1,0,0,0,1,NA,0,,
journalArticle,2024,"Ding, Jingyi; Eldridge, David",Intensifying aridity induces tradeoffs among biodiversity and ecosystem services supported by trees,Global Ecology and Biogeography,10.1111/geb.13894,e13894,10,33,,1,0,0,0,0,1,NA,0,,
journalArticle,2024,"Feldman, Andrew F.; Feng, Xue; Felton, Andrew J.; Konings, Alexandra G.; Knapp, Alan K.; Biederman, Joel A.; Poulter, Benjamin",Plant responses to changing rainfall frequency and intensity,Nature Reviews Earth & Environment,,45310,,NA,,1,1,1,0,0,0,NA,0,,
journalArticle,2024,"Lehmann, Peter; Or, Dani",Analytical model for bare soil evaporation dynamics following wetting with concurrent internal drainage,Journal of Hydrology,,130800,,631,,1,0,0,0,0,1,1,0,Likely the soil physics behind ITE: investigates soil texture effects on evaporation competing with drainage.,Very important paper!
journalArticle,2024,"Lomax, Guy A.; Powell, Thomas WR; Lenton, Timothy M.; Economou, Theo; Cunliffe, Andrew M.",Untangling the environmental drivers of gross primary productivity in African rangelands,Communications Earth & Environment,,500,1,5,,1,0,0,0,0,1,1,0,Sand increased productivity across precipitation gradient ~100 - 1500 mm MAP),
journalArticle,2024,"Suliman, Mahmoud; Scaini, Anna; Manzoni, Stefano; Vico, Giulia",Soil properties modulate actual evapotranspiration and precipitation impacts on crop yields in the USA,Science of the Total Environment,,175172,,949,,1,1,1,0,0,1,1,0,Maximum yeild of corn on coarse soil peaked at low precipitation values; higher productivity on coarse soils under dry conditions.,
journalArticle,2024,"Terry, Tyson J.; Adler, Peter B.",Precipitation seasonality and soil texture interact to shape dryland recovery from severe disturbance,Journal of Ecology,10.1111/1365-2745.14306,1356-1368,6,112,,1,1,1,0,0,0,0,0,Recovery from disturbance was less effective on coarse soils and at warm sites (I wonder if this has to do with failure of recruitment),
journalArticle,2024,"Biancari, Lucio; Aguiar, Martin R.; Eldridge, David J.; Onatibia, Gaston R.; Le Bagousse-Pinguet, Yoann; Saiz, Hugo; Gross, Nicolas; Austin, Amy T.; Ochoa, Victoria; Gozalo, Beatriz; Asensio, Sergio; Guirado, Emilio; Valencia, Enrique; Berdugo, Miguel; Plaza, Cesar; Martinez-Valderrama, Jaime; Mendoza, Betty J.; Garcia-Gomez, Miguel; Abedi, Mehdi; Ahumada, Rodrigo J.; Alcantara, Julio M.; Amghar, Fateh; Anadon, Jose D.; Aramayo, Valeria; Arredondo, Tulio; Bader, Maaike Y.; Bahalkeh, Khadijeh; Salem, Farah Ben; Blaum, Niels; Boldgiv, Bazartseren; Bowker, Matthew; Branquinho, Cristina; Bu, Chongfeng; Byambatsogt, Batbold; Calvo, Dianela A.; Castillo Monroy, Andrea P.; Castro, Helena; Castro-Quezada, Patricio; Chibani, Roukaya; Conceicao, Abel A.; Currier, Courtney M.; Donoso, David A.; Dougill, Andrew; Ejtehadi, Hamid; Espinosa, Carlos I.; Fajardo, Alex; Farzam, Mohammad; Ferrante, Daniela; Fraser, Lauchlan H.; Gaitan, Juan J.; Gherardi, Laureano A.; Gusman-Montalvan, Elizabeth; Hernandez-Hernandez, Rosa M.; Holzel, Norbert; Huber-Sannwald, Elisabeth; Hughes, Frederic M.; Jadan, Oswaldo; Jeltsch, Florian; Jentsch, Anke; Ju, Mengchen; Kaseke, Kudzai F.; Kindermann, Liana; Kobel, Melanie; Le Roux, Peter C.; Liancourt, Pierre; Linstadter, Anja; Liu, Jushan; Louw, Michelle A.; Maggs-Kolling, Gillian; Issa, Oumarou Malam; Marais, Eugene; Margerie, Pierre; Messeder, Joao Vitor S.; Mora, Juan P.; Moreno, Gerardo; Munson, Seth M.; Oliva, Gabriel; Pueyo, Yolanda; Quiroga, R. Emiliano; Reed, Sasha C.; Rey, Pedro J.; Rodriguez, Alexandra; Rodriguez, Laura B.; Rolo, Victor; Ruppert, Jan C.; Sala, Osvaldo; Salah, Ayman; Stavi, Ilan; Stephens, Colton R. A.; Swemmer, Anthony M.; Teixido, Alberto L.; Thomas, Andrew D.; Throop, Heather L.; Tielborger, Katja; Travers, Samantha K.; Van Den Brink, Liesbeth; Wagner, Viktoria; Wamiti, Wanyoike; Wang, Deli; Wang, Lixin; Wolff, Peter; Yahdjian, Laura; Zaady, Eli; Maestre, Fernando T.",Drivers of woody dominance across global drylands,Science Advances,10.1126/sciadv.adn6007,eadn6007,41,10,,1,1,0,0,0,1,0,0,Shows opposite of ITE: woody plant dominance higher on fine-textured soils below ~380 mm MAP and hither on coarse soils above this point.,
