"Year","Author","Title","Publication","DOI","Noymeir","Salaetal","IntroductionOrReview","Methods","Results","Discussion","Continent","Approach","Plant types","Type","ITE Results","ITE = Woody plants","Supports ITE","Investigation"
1986,"Hacker, R. B.","Effect of grazing on chemical and physical properties of an earthy sand in the Western Australian mulga zone","The Rangeland Journal","10.1071/RJ9860011",1,0,0,0,0,1,NA,NA,NA,NA,NA,NA,NA,"No"
1988,"Sala, O. E.; Parton, W. J.; Joyce, L. A.; Lauenroth, W. K.","Primary Production of the Central Grassland Region of the United States","Ecology","10.2307/1943158",1,0,1,0,0,1,"North America","Compared ANPP across soil types along precipitation gradient","all","field study","Relationship between MAP and ANPP depends on soil texture. Coarse soils are favorable below 370 mm MAP and fine soils are favorable above this point.","No","Yes","Yes"
1989,"Gosz, James R.; Sharpe, Peter JH","Broad-scale concepts for interactions of climate, topography, and biota at biome transitions","Landscape Ecology","10.1007/BF00131541",1,1,1,0,0,0,NA,NA,NA,NA,NA,NA,NA,"No"
1989,"Liang, Y. M.; Hazlett, D. L.; Lauenroth, W. K.","Biomass dynamics and water use efficiencies of five plant communities in the shortgrass steppe","Oecologia","10.1007/BF00380143",1,1,0,0,0,1,"North America","Compared biomass and water use efficiency across 5 plant communities in short grass steppe","all","field study","Above and belowground biomass increased with shrub component. Grass production was not significantly different among sites. Shrub biomass was greater on coarse-textured sites.","No","Yes","Yes"
1989,"Tongway, D. J.; Ludwig, J. A.; Whitford, W. G.","Mulga log mounds: Fertile patches in the semi-arid woodlands of eastern Australia","Australian Journal of Ecology","10.1111/j.1442-9993.1989.tb01436.x",1,0,0,0,0,1,"Australia","Compared standing crop biomass between log-associated soil mounds and open areas.","shrubs, grasses, forbs","field study","Mounds of soil/termite galleries in mounds are enriched in sand, with faster infiltration and higher standing biomass than adjacent areas.","No","Yes","No"
1990,"Coughenour, Michael B.; Coppock, David L.; Ellis, James E.","Herbaceous forage variability in an arid pastoral region of Kenya: importance of topographic and rainfall gradients","Journal of Arid Environments","10.1016/S0140-1963(18)30813-9",1,1,0,0,0,1,NA,NA,NA,NA,NA,NA,NA,"No"
1990,"Detling, T.; Doehring, D.; DeCoursey, W.; Hanson, O.; Hautaluoma, D.; Hoffer, B.; Wiens, J. A.; Woodmansee, R. G.","Long-Term Ecological Research Program: Shortgrass steppe","",NA,0,1,1,0,0,1,NA,NA,NA,NA,NA,NA,NA,"No"
1991,"Cornelius, Joe M.; Kemp, Paul R.; Ludwig, John A.; Cunningham, Gary L.","The distribution of vascular plant species and guilds in space and time along a desert gradient","Journal of Vegetation Science","10.2307/3235898",1,0,0,0,1,0,NA,NA,NA,NA,NA,NA,NA,"No"
1991,"Dargie, T. C. D.; El Demerdash, M. A.","A quantitative study of vegetation - environment relationships in two Egyptian deserts","Journal of Vegetation Science","10.2307/3235891",1,0,0,0,1,1,NA,NA,NA,NA,NA,NA,NA,"No"
1991,"Gosz, James R.","Fundamental Ecological Characteristics of Landscape Boundaries","Ecotones","10.1007/978-1-4615-9686-8_2",1,1,1,0,0,0,NA,NA,NA,NA,NA,NA,NA,"No"
1992,"Gosz, James R.","Ecological Functions in a Biome Transition Zone: Translating Local Responses to Broad-Scale Dynamics","Landscape Boundaries","10.1007/978-1-4612-2804-2_3",1,1,1,0,0,0,NA,NA,NA,NA,NA,NA,NA,"No"
1992,"Gosz, James R.","Gradient Analysis of Ecological Change in Time and Space: Implications for Forest Management","Ecological Applications","10.2307/1941859",1,0,1,0,0,0,NA,NA,NA,NA,NA,NA,NA,"No"
1992,"Gosz, James R.; Parmenter, Robert R.; Marshall, Diane","Ecological Indicators in a Desert/Grassland Transition","Ecological Indicators","10.1007/978-1-4615-4659-7_42",1,1,1,0,0,0,NA,NA,NA,NA,NA,NA,NA,"No"
1993,"Seagle, StevenW.; McNaughton, S.J.","Simulated effects of precipitation and nitrogen on Serengeti grassland productivity","Biogeochemistry","10.1007/BF00000645",1,1,0,0,0,1,NA,NA,NA,NA,NA,NA,NA,"No"
1994,"Coffin, Debra P.; Lauenroth, William K.","Successional dynamics of a semiarid grassland: effects of soil texture and disturbance size","Vegetatio","10.1007/BF00038715",1,1,0,1,0,0,NA,NA,NA,NA,NA,NA,NA,"No"
1994,"Knight, Dennis H.; Vose, James M.; Baldwin, V. Clark; Ewel, Katherine C.; Grodzinska, Krystyna; Grodzinska, Kristina","Contrasting patterns in pine forest ecosystems","Ecological Bulletins","https://www.jstor.org/stable/20113128",1,0,1,0,0,0,NA,NA,NA,NA,NA,NA,NA,"No"
1994,"Van Rooyen, N.; Bredenkamp, G. J.; Theron, G. K.; Bothma, J. du P.; Le Riche, E. A. N.","Vegetational gradients around artificial watering points in the Kalahari Gemsbok National Park","Journal of Arid Environments","10.1006/jare.1994.1037",1,0,0,0,0,1,NA,NA,NA,NA,NA,NA,NA,"No"
1994,"West, Neil E.","Effects of fire on salt-desert shrub rangelands","Proceedings: Ecology and management of annual rangelands. Gen. Tech. Rep. INT-313. Ogden, UT: US Department of Agriculture, Forest Service, Intermountain Research Station","10.2737/INT-GTR-313",1,0,1,0,0,0,NA,NA,NA,NA,NA,NA,NA,"No"
1995,"Burgess, Tony L.","Desert grassland, mixed shrub savanna, shrub steppe, or semidesert scrub","The desert grassland",NA,1,0,1,0,0,0,NA,NA,NA,NA,NA,NA,NA,"No"
1997,"Agnew, A. D. Q.","Swiches, pulses and grazing in arid vegetation","Journal of Arid Environments","10.1006/jare.1997.0304",1,0,0,0,0,1,NA,NA,NA,NA,NA,NA,NA,"No"
1997,"Burke, Ingrid C.; Lauenroth, William K.; Parton, William J.","REGIONAL AND TEMPORAL VARIATION IN NET PRIMARY PRODUCTION AND NITROGEN MINERALIZATION IN GRASSLANDS","Ecology","10.1890/0012-9658(1997)078[1330:RATVIN]2.0.CO;2",0,1,0,0,0,1,"North America","Compared ANPP across gradients of precipitation, temperature, soil texture, and nitrogen.","all","modeling","Effects of soil texture on N mineralization tend to be small, particularly at low precipitation (~300 mm), as increased N-turnover due to decomposition on sandy soil and decreased organic matter storage tend to balance out.","No","No","No"
1997,"Dodd, M. B.; Lauenroth, W. K.","The influence of soil texture on the soil water dynamics and vegetation structure of a shortgrass steppe ecosystem","Plant Ecology","10.1023/A:1009759421640",1,1,0,0,0,1,"North America","Compared annual ANPP across 3 sites over 4 years.","shrubs, grasses, forbs","field study","ANPP was consistent with ITE  in 3 of 4 years. Higher productivity on coarser soils was associated with woody plants, while grass biomass was similar across soils. Plants were taller on coarse- than fine-textured sites.","No","Yes","No"
1997,"Epstein, H. E.; Lauenroth, W. K.; Burke, I. C.","EFFECTS OF TEMPERATURE AND SOIL TEXTURE ON ANPP IN THE U.S. GREAT PLAINS","Ecology","10.1890/0012-9658(1997)078[2628:EOTAST]2.0.CO;2",1,1,1,0,0,1,"North America","Compared average ANPP across soil types by binning MAP into 100 mm increments. Also tested for relationship between ANPP and MAT.","all","field study","Soil texture was more important than MAT at driest (below 400 mm MAP) and wettest (>700 mm MAP) sites, but MAT was more important at sites with MAP 400-800 mm and was not important above 800 mm MAP. MAT had a negative effect on ANPP where relevant. Crossover occurs between 800 and 850 mm MAP.","No","Yes","Yes"
1998,"Lane, Diana R.; Coffin, Debra P.; Lauenroth, William K.","Effects of soil texture and precipitation on above-êground net primary productivity and vegetation structure across the Central Grassland region of the United States","Journal of Vegetation Science","10.2307/3237123",1,1,1,1,1,1,"North America","Compared annual ANPP across 14 sites in the central grasslands of the U.S. over two years.","all","field study","ITE not detected in either year. Soil texture may be more relevant for community composition (e.g., relative abundance of functional types) than aboveground net primary production.","No","No","Yes"
1998,"Singh, J. S.; Milchunas, D. G.; Lauenroth, W. K.","Soil water dynamics and vegetation patterns in a semiarid grassland","Plant ecology","10.1023/A:1009769620488",1,0,1,0,0,0,NA,NA,NA,NA,NA,NA,NA,"No"
1998,"Van Rooyen, N.; Van Rooyen, M. W.","VEGETATION OF THE SOUTH-WESTERN ARID KALAHARI: AN OVERVIEW","Transactions of the Royal Society of South Africa","10.1080/00359199809520381",1,0,1,0,0,0,NA,NA,NA,NA,NA,NA,NA,"No"
1999,"Andersen, Gidske L.","Change and variation in a hyper-arid cultural landscape: A merhodological approach using remote sensing timeseries (Landsat MSS and TM, 1973-1996) from the Wadi vegetation of the eastern desert of Egypt","",NA,1,0,1,0,0,0,NA,NA,NA,NA,NA,NA,NA,"No"
1999,"Knight, Dennis H.","15 Ponderosa and Limber Pine Woodlands","Savannas, barrens, and rock outcrop plant communities of North America","10.1017/CBO9780511574627.016",1,0,1,0,0,0,NA,NA,NA,NA,NA,NA,NA,"No"
1999,"Lauenroth, William K.; Burke, Ingrid C.; Gutmann, Myron P.","The structure and function of ecosystems in the central North American grassland region","Great Plains Research","https://www.jstor.org/stable/23778224",1,1,1,0,0,0,NA,NA,NA,NA,NA,NA,NA,"No"
1999,"Menezes, R. S. C.; Salcedo, I. H.","Influence of tree species on the herbaceous understory and soil chemical characteristics in a silvopastoral system in semi-arid northeastern Brazil","Revista Brasileira de Ci√™ncia do Solo","10.1590/S0100-06831999000400008",1,0,0,0,0,1,NA,NA,NA,NA,NA,NA,NA,"No"
2000,"Nouvellon, Yann; Rambal, Serge; Seen, D. Lo; Moran, M. Susan; Lhomme, Jean-Paul; Begue, Agnes; Chehbouni, A. Ghani; Kerr, Yann","Modelling of daily fluxes of water and carbon from shortgrass steppes","Agricultural and Forest Meteorology","10.1016/S0168-1923(99)00140-9",0,1,0,0,0,1,"North America","Compared simulated T/AET ratio across soil textures for a site in southwestern U.S.","grasses","modeling","Reducing field capacity of 0-15 cm soil layers increased infiltration, reduced evaporation, and increased T/AET and water use efficiency.","No","Yes","No"
2001,"Fernandez-Illescas, Coral Pilar; Porporato, Amilcare; Laio, Franscesco; Rodriguez-Iturbe, Ignacio","The ecohydrological role of soil texture in a water-êlimited ecosystem","Water Resources Research","10.1029/2000WR000121",1,0,1,0,0,1,"North America","Investigated soil texture and precipitation effects on shrub and grass species in subtropical dryland.","grass, shrub","modeling","Both grasses and trees do better on coarse soils under dry conditions, and this shifts to fine soils as moisture increases. Coarser soils require smaller water inputs to transition from below wilting point to unstressed conditions. Drainage can be greater for shallow- than deep-rooted species, depending on climate and soil.","No","Yes","Yes"
2001,"Laio, Francesco; Porporato, Amilcare; Fernandez-Illescas, C. P.; Rodriguez-Iturbe, I.","Plants in water-controlled ecosystems: active role in hydrologic processes and response to water stress: IV. Discussion of real cases","Advances in Water Resources","10.1016/S0309-1708(01)00007-0",1,0,1,0,0,1,"North America","Investigated how annual precipitation affects stress and favorability to the dominant grass in the shortgrass steppe between wet and dry years across different soil textures.","grass","modeling","Dominant grass is very sensitive to soil texture under dry conditions, and spends less time in stressed conditions on sand than clay or silt loam. Annual precipitation of about 370 mm is the crossover point for grass performance on sand versus other soils.Sensitivity to soil texture decreases under wetter conditions, and it is slighly less stressed on finer soils.","No","Yes","Yes"
2001,"Sala, Osvaldo E.","Productivity of temperate grasslands","Terrestrial global productivity","10.1016/B978-0-12-505290-0.X5000-5",1,1,1,0,0,0,NA,NA,NA,NA,NA,NA,NA,"No"
2002,"Porporato, A.; D'odorico, P.; Laio, Francesco; Ridolfi, Luca; Rodriguez-Iturbe, I.","Ecohydrology of water-controlled ecosystems","Advances in Water Resources","10.1016/S0309-1708(02)00058-1",1,0,1,0,0,0,NA,NA,NA,NA,NA,NA,NA,"No"
2003,"Brown, G.; Al-Mazrooei, S.","Rapid vegetation regeneration in a seriously degraded Rhanterium epapposum community in northern Kuwait after 4 years of protection","Journal of environmental management","10.1016/S0301-4797(03)00107-5",1,0,0,0,0,1,"Asia","Compared shrub, grass, and annual plant cover between grazed sites and sites protected from grazing for 4 years.","shrubs, grasses, forbs","field study","Vegetation recovery was much greater on coarse- than fine-textured soils.","No","Yes","No"
2003,"Brown, Gary; Peacock, John; Loughland, Ron; Aldrami, Ghaleb A.","Coastal and terrestrial ecosystem management requirements in the GCC States","Environmental Research and Wildlife Development Agency, Abu Dhabi",NA,1,0,1,0,0,0,NA,NA,NA,NA,NA,NA,NA,"No"
2003,"Brown, Karl Eric","Mapping and modeling leafy spurge spread in Theodore Roosevelt National Park, North Dakota using spatial information and spatial statistics","",NA,1,0,1,0,0,0,NA,NA,NA,NA,NA,NA,NA,"No"
2003,"Martinez, Armando J.; Lopez-Portillo, Jorge","Allometry of Prosopis glandulosa var. torreyana along a topographic gradient in the Chihuahuan desert","Journal of Vegetation Science","10.1111/j.1654-1103.2003.tb02133.x",1,0,0,0,0,1,NA,NA,NA,NA,NA,NA,NA,"No"
2003,"Ogle, Kiona","Desert dogma revisited: Physiological and growth responses of Larrea tridentata (Creosotebush) to annual, seasonal, and pulse precipitation","",NA,1,1,0,0,0,1,NA,NA,NA,NA,NA,NA,NA,"No"
2004,"Austin, Amy T.; Yahdjian, Laura; Stark, John M.; Belnap, Jayne; Porporato, Amilcare; Norton, Urszula; Ravetta, Damian A.; Schaeffer, Sean M.","Water pulses and biogeochemical cycles in arid and semiarid ecosystems","Oecologia","10.1007/s00442-004-1519-1",1,1,1,0,0,0,NA,NA,NA,NA,NA,NA,NA,"No"
2004,"Huxman, Travis E.; Cable, Jessica M.; Ignace, Danielle D.; Eilts, J. Alex; English, Nathan B.; Weltzin, Jake; Williams, David G.","Response of net ecosystem gas exchange to a simulated precipitation pulse in a semi-arid grassland: the role of native versus non-native grasses and soil texture","Oecologia","10.1007/s00442-003-1389-y",1,1,1,0,0,1,NA,NA,NA,NA,NA,NA,NA,"No"
2004,"Kroel-Dulay, Gyorgy; Odor, Peter; Peters, Debra P. C.; Hochstrasser, Tamara","Distribution of plant species at a biome transition zone in New Mexico","Journal of Vegetation Science","10.1111/j.1654-1103.2004.tb02292.x",1,1,0,0,0,1,NA,NA,NA,NA,NA,NA,NA,"No"
2004,"Suau, Roberto Lazaro","Implications of precipitation on vegetation of water-limited lands","",NA,0,1,1,0,0,0,NA,NA,NA,NA,NA,NA,NA,"No"
2005,"Fravolini, Alessandra; Hultine, Kevin R.; Brugnoli, Enrico; Gazal, Rico; English, Nathan B.; Williams, David G.","Precipitation pulse use by an invasive woody legume: the role of soil texture and pulse size","Oecologia","10.1007/s00442-005-0078-4",1,0,1,0,0,0,"North America","Compared soil water dynamics after small and large precipitation pulshes between sites with coarse- and fine-textured soils.","tree","field study","Wetting front was deeper on coarse- than fine-textured soil with large (35 mm) and small (10 mm) events. Large events flushed into deeper soil quickly, small events percolated slowly. Water uptake decreased more rapidly on fine-textured soil after large event. Large event was effective for both sites, but small event was much more effective on coarser-textured site.","No","Yes","Yes"
2005,"Tongway, David J.; Ludwig, John A.","Heterogeneity in Arid and Semiarid Lands","Ecosystem Function in Heterogeneous Landscapes","10.1007/0-387-24091-8_10",1,0,1,0,0,0,NA,NA,NA,NA,NA,NA,NA,"No"
2006,"Bradford, John B.; Lauenroth, William K.; Burke, Ingrid C.; Paruelo, Jose M.","The Influence of Climate, Soils, Weather, and Land Use on Primary Production and Biomass Seasonality in the US Great Plains","Ecosystems","10.1007/s10021-004-0164-1",1,1,1,0,0,1,"North America","Compared above and below ground NPP for crops across soil textures in the central grassland region of the U.S.","crops","remote sensing","Higher ANPP on finer-textured soils when both natural and cropped lands are included in the analysis.","No","No","No"
2006,"Cable, Jessica Marie","Precipitation effects on soil carbon cycling in the Sonoran Desert","",NA,1,0,1,0,0,1,NA,NA,NA,NA,NA,NA,NA,"No"
2006,"D'Odorico, Paolo; Porporato, Amilcare","Soil moisture dynamics in water-limited ecosystems","Dryland Ecohydrology","10.1007/1-4020-4260-4_3",1,0,1,0,0,0,NA,NA,NA,NA,NA,NA,NA,"No"
2006,"Fernandez, Daniel P.; Neff, Jason C.; Belnap, Jayne; Reynolds, Richard L.","Soil respiration in the cold desert environment of the Colorado Plateau (USA): abiotic regulators and thresholds","Biogeochemistry","10.1007/s10533-005-4278-0",1,1,1,0,0,1,"North America","Compared soil moisture and respiration across a soil texture, precipitation, and temperature gradients.","grasses, shrubs","field study","Higher water content in at 30 cm on coarse- than fine-textured soil, but soil respiration and decomposition did not show a consistent relationship with the fraction of silt + clay soil particles.","No","Yes","Yes"
2006,"Kurc, Shirley Anne","Dynamics and controls of ecosystem scale water, carbon, and energy cycling at semiarid grassland and shrubland","",NA,1,1,0,0,0,1,NA,NA,NA,NA,NA,NA,NA,"No"
2006,"Ludwig, Fulco; Jewitt, Rebecca A.; Donovan, Lisa A","Nutrient and water addition effects on day- and night-time conductance and transpiration in a C3 desert annual","Oecologia","10.1007/s00442-006-0367-6",1,0,0,0,0,1,NA,NA,NA,NA,NA,NA,NA,"No"
2006,"Miller, Mark E.; Belnap, Jayne; Beatty, Susan W.; Reynolds, Richard L.","Performance of Bromus tectorum L. in relation to soil properties, water additions, and chemical amendments in calcareous soils of southeastern Utah, USA","Plant and Soil","10.1007/s11104-006-0058-4",1,0,0,0,0,1,"North America","Seedling density and relative growth rates at different seasons were compared across sites with contrasting soil textures with and without watering and nutrient addition.","annual grass","field study","Seasonal differences in soil texture effects: fall establishment was lower on sandy soils, winter growth rates were higher on loamy than on sandy soils, but mid-spring growth rates were lowest on loamy soils.","No","Mixed","No"
2006,"Norris, Jodi R.; Jackson, Stephen T.; Betancourt, Julio L.","Classification tree and minimum-êvolume ellipsoid analyses of the distribution of ponderosa pine in the western USA","Journal of Biogeography","10.1111/j.1365-2699.2005.01396.x",1,0,0,1,0,0,NA,NA,NA,NA,NA,NA,NA,"No"
2007,"Begzsuren, Shurentuya","Integrated desertification assessment in Southern Mongolia","",NA,1,0,1,0,1,1,"Asia","Compared biomass and cover across soils and land degradation categories.","shrubs, grasses","field study","Aboveground biomass and cover were not significantly related to soil sand percentage, but relative importance of functional types suggests coarser sites support more woody vegetation.","No","No","Yes"
2007,"Brown, Gary; Aspinall, Simon; Sakkir, Sabitha","The vegetation of the coastal white sands at Taweela (Abu Dhabi Emirate)","Tribulus",NA,1,0,1,0,0,0,NA,NA,NA,NA,NA,NA,NA,"No"
2007,"Bucini, Gabriela; Hanan, Niall P.","A continental-êscale analysis of tree cover in African savannas","Global Ecology and Biogeography","10.1111/j.1466-8238.2007.00325.x",1,1,1,0,0,1,"Africa","Partitioned variation of tree cover into two components: potential vegetation given environmental characteristics and modifications from natural and human-related disturbances.","trees","remote sensing","Fine textured soils had higher tree cover than coarse textured soils throughout the precipitation gradient above 300 mm. No differences below 300 mm.","Yes","No","Yes"
2007,"Buxbaum, C. A. Z.; Vanderbilt, K.","Soil heterogeneity and the distribution of desert and steppe plant species across a desert-grassland ecotone","Journal of Arid Environments","10.1016/j.jaridenv.2006.11.017",1,0,0,1,0,1,NA,NA,NA,NA,NA,NA,NA,"No"
2007,"Collins, D. B. G.; Bras, R. L.","Plant rooting strategies in water-limited ecosystems","Water Resources Research","10.1029/2006WR005541",1,0,0,0,0,1,NA,NA,NA,NA,NA,NA,NA,"No"
2007,"Ignace, Danielle D.; Huxman, Travis E.; Weltzin, Jake F.; Williams, David G.","Leaf gas exchange and water status responses of a native and non-native grass to precipitation across contrasting soil surfaces in the Sonoran Desert","Oecologia","10.1007/s00442-007-0670-x",1,0,0,0,0,1,NA,NA,NA,NA,NA,NA,NA,"No"
2007,"Miller, M.; Mann, Rebecca K.; Goldstein, Harland; Yount, James D.","Ecological investigations of the federally endangered Shivwits milk-vetch (Astragalus ampullarioides)-2006 annual report","US Geological Survey Open-File Report",NA,1,0,1,0,0,0,NA,NA,NA,NA,NA,NA,NA,"No"
2007,"Smart, Alexander J.; Dunn, Barry H.; Johnson, Patricia S.; Xu, Lan; Gates, Roger N.","Using weather data to explain herbage yield on three Great Plains plant communities","Rangeland Ecology & Management","10.2111/05-099R4.1",1,1,1,0,0,0,NA,NA,NA,NA,NA,NA,NA,"No"
2007,"Strohbach, Ben J.; Petersen, Andreas","Vegetation of the central Kavango woodlands in Namibia: An example from the Mile 46 Livestock Development Centre","South African Journal of Botany","10.1016/j.sajb.2007.03.002",1,1,0,0,0,1,NA,NA,NA,NA,NA,NA,NA,"No"
2008,"Cable, Jessica M.; Ogle, Kiona; Williams, David G.; Weltzin, Jake F.; Huxman, Travis E.","Soil texture drives responses of soil respiration to precipitation pulses in the Sonoran Desert: implications for climate change","Ecosystems","10.1007/s10021-008-9172-x",1,0,0,0,0,1,"North America","Compared soil respiration responses to experimental water pulses across soil and cover types.","grasses","field study","Plant respiration was greater on coarse-textured soil and was more sensitive to water additions than on fine-textured soil.","No","Yes","No"
2008,"Grigg, Alasdair M.; Veneklaas, Erik J.; Lambers, Hans","Water relations and mineral nutrition of closely related woody plant species on desert dunes and interdunes","Australian Journal of Botany","10.1071/BT06205",1,0,1,0,0,1,NA,NA,NA,NA,NA,NA,NA,"No"
2008,"Grigg, Alasdair M.; Veneklaas, Erik J.; Lambers, Hans","Water relations and mineral nutrition of Triodia grasses on desert dunes and interdunes","Australian Journal of Botany","10.1071/BT07156",1,0,1,0,0,1,NA,NA,NA,NA,NA,NA,NA,"No"
2008,"Herpel, Nicole","The Scale-Dependent Variability of Topsoil Properties Reflecting Ecosystem Patchiness in Drylands of Southern Africa","",NA,1,1,1,0,0,0,NA,NA,NA,NA,NA,NA,NA,"No"
2008,"Ivanov, Valeriy Y.; Bras, Rafael L.; Vivoni, Enrique R.","Vegetation-êhydrology dynamics in complex terrain of semiarid areas: 2. Energy-êwater controls of vegetation spatiotemporal dynamics and topographic niches of favorability","Water Resources Research","10.1029/2006WR005595",1,0,1,0,0,1,NA,NA,NA,NA,NA,NA,NA,"No"
2008,"Knapp, Alan K.; Beier, Claus; Briske, David D.; Classen, Aimee T.; Luo, Yiqi; Reichstein, Markus; Smith, Melinda D.; Smith, Stanley D.; Bell, Jesse E.; Fay, Philip A.","Consequences of more extreme precipitation regimes for terrestrial ecosystems","Bioscience","10.1641/B580908",1,0,1,0,0,0,NA,NA,NA,NA,NA,NA,NA,"No"
2008,"Koechy, Martin","Effects of simulated daily precipitation patterns on annual plant populations depend on life stage and climatic region","BMC Ecology","10.1186/1472-6785-8-4",1,1,1,0,0,0,NA,NA,NA,NA,NA,NA,NA,"No"
2008,"Koenig, Peter Andrew","Gas-exchange responses to pulse rain events by native Hawaiian dry forest vine seedlings and the effect of interaction with a non-native grass","",NA,1,0,1,0,0,0,NA,NA,NA,NA,NA,NA,NA,"No"
2008,"Lauenroth, William K.; Milchunas, Daniel G.; Sala, Osvaldo E.; Burke, Ingrid C.; Morgan, Jack A.","Net primary production in the shortgrass steppe","Ecology of the shortgrass steppe: a long term perspective. Oxford Univ. Press, NY","10.1093/oso/9780195135824.003.0016",1,1,1,0,0,0,"North America","Compared ANPP across sites in short grass steppe.","all","field study","Slope of relationship between mean annual precipitation and average annual aboveground net primary production is steeper on clay than sand.","No","Yes","Yes"
2008,"Petersen, A.","Pedodiversity of southern African drylands","",NA,1,1,1,0,0,1,"Africa","Compared soil moisture measurements between dune (coarse) and interdune (fine) soils over a period of four months.","trees, shrubs, grasses","field study","Coarse soils were wetter, dried more slowly, and had deeper percolation than fine soils.","No","Yes","Yes"
2008,"Tsoar, H.","Land Use and its Effect on the Mobilization and Stabilization of the North-Western Negev Sand Dunes","Arid Dune Ecosystems","10.1007/978-3-540-75498-5_6",1,1,1,0,0,0,NA,NA,NA,NA,NA,NA,NA,"No"
2008,"Weng, Ensheng; Luo, Yiqi","Soil hydrological properties regulate grassland ecosystem responses to multifactor global change: A modeling analysis","Journal of Geophysical Research: Biogeosciences","10.1029/2007JG000539",1,1,1,0,0,1,"North America","Compared water balance components and productivity across soil textures for different precipitation amounts and frequencies and climate warming.","all","modeling","Nice simulations across soil textures under low, normal, and high precipitation scenarios.","No","Yes","Yes"
2009,"Armstrong, R. D.; Fitzpatrick, J.; Rab, M. A.; Abuzar, M.; Fisher, P. D.; O'Leary, G. J.","Advances in precision agriculture in south-eastern Australia. III. Interactions between soil properties and water use help explain spatial variability of crop production in the Victorian Mallee","Crop and Pasture Science","10.1071/CP08349",1,1,0,0,0,1,NA,NA,NA,NA,NA,NA,NA,"No"
2009,"Buyantuyev, A.; Wu, Jianguo","Urbanization alters spatiotemporal patterns of ecosystem primary production: A case study of the Phoenix metropolitan region, USA","Journal of Arid Environments","10.1016/j.jaridenv.2008.12.015",1,0,1,1,1,0,"North America","Compared relationship between MAP and ANPP across soil textures.","all","remote sensing","Productivity of natural vegetation on sandy soil was most strongly correlated with vegetation, and correlations were lower in wet and dry years.","No","Yes","Yes"
2009,"Caylor, Kelly K.; Scanlon, Todd M.; Rodriguez-Iturbe, Ignacio","Ecohydrological optimization of pattern and processes in water-êlimited ecosystems: A trade-êoff-êbased hypothesis","Water Resources Research","10.1029/2008WR007230",1,0,1,0,0,1,"Africa","Compared optimization of resource acquisition versus avoidance of drought stress and how tree size and density influence this trade-off across soil textures.","trees","modeling","Stand structure may result from silmutaneous avoidance of water stress and maximization of water use. Sandy soils tend to have larger, widely spaced trees, while clay soils have smaller, denser trees.","No","Mixed","Yes"
2009,"Mitchell, Patrick J.; Veneklaas, Erik; Lambers, Hans; Burgess, Stephen SO","Partitioning of evapotranspiration in a semi-arid eucalypt woodland in south-western Australia","Agricultural and Forest Meteorology","10.1016/j.agrformet.2008.07.008",1,0,0,0,0,1,NA,NA,NA,NA,NA,NA,NA,"No"
2009,"Wichern, Florian; Joergensen, Rainer Georg","Soil Microbial Properties Along a Precipitation Transect in Southern Africa","Arid Land Research and Management","10.1080/15324980902817071",1,0,0,0,0,1,NA,NA,NA,NA,NA,NA,NA,"No"
2009,"Yang, Y. H.; Fang, J. Y.; Pan, Y. D.; Ji, C. J.","Aboveground biomass in Tibetan grasslands","Journal of Arid Environments","10.1016/j.jaridenv.2008.09.027",1,1,1,0,0,1,"Asia","Compared ANPP across soil, precipitation, and temperature gradients.","grasses","remote sensing","Aboveground biomass was higher on coarse soils below 200 mm groiwng-season precipitation and on fine soils above that amount. Temperature effects depend on precipitation level (negative at low precipitation, positive at high).","No","Yes","Yes"
2010,"Curran, Timothy J.; Clarke, Peter J.; Warwick, Nigel WM","Water relations of woody plants on contrasting soils during drought: does edaphic compensation account for dry rainforest distribution?","Australian Journal of Botany","10.1071/BT09128",1,0,1,0,0,1,"Australia","Compared water stress and drought tolerance traits between sites with contrasting soil textures","all","field study","No difference in drought stress or drought tolerance traits between sites, but water stress was higher on the fine-textured soil after the drought.","No","Mixed","Yes"
2010,"Dwyer, John M.; Fensham, Rod J.; Fairfax, Russell J.; Buckley, Yvonne M.","Neighbourhood effects influence drought-induced mortality of savanna trees in Australia","Journal of Vegetation Science","10.1111/j.1654-1103.2009.01167.x",1,0,1,0,0,0,NA,NA,NA,NA,NA,NA,NA,"No"
2010,"Enzmann, B. L.; Nonacs, P.","Digging beneath the surface: incipient nest characteristics across three species of harvester ant that differ in colony founding strategy","Insectes Sociaux","10.1007/s00040-009-0056-7",1,0,0,0,0,1,NA,NA,NA,NA,NA,NA,NA,"No"
2010,"Grigg, Alasdair M.; Lambers, Hans; Veneklaas, Erik J.","Changes in water relations for Acacia ancistrocarpa on natural and mine-rehabilitation sites in response to an experimental wetting pulse in the Great Sandy Desert","Plant and Soil","10.1007/s11104-009-9957-5",1,1,1,0,0,0,NA,NA,NA,NA,NA,NA,NA,"No"
2010,"Kochendorfer, J. P.; Ramirez, J. A.","Ecohydrologic controls on vegetation density and evapotranspiration partitioning across the climatic gradients of the central United States","Hydrology and Earth System Sciences","10.5194/hess-14-2121-2010",0,1,0,0,0,1,NA,NA,NA,NA,NA,NA,NA,"No"
2010,"Kochendorfer, J. P.; Ramirez, J. A.","Modeling the monthly mean soil-water balance with a statistical-dynamical ecohydrology model as coupled to a two-component canopy model","Hydrology and Earth System Sciences","10.5194/hess-14-2099-2010",1,1,1,0,1,1,"North America","Compared soil water balance at two sites and across soil textures.","grasses","modeling","Greater leaf area index on coarse- than fine-textured soils at both sites as a result of decreased evaporation and increased transpiration at coarse sites.","No","Yes","Yes"
2010,"Rao, Leela E.; Allen, Edith B.; Meixner, Thomas","Risk-êbased determination of critical nitrogen deposition loads for fire spread in southern California deserts","Ecological Applications","10.1890/09-0398.1",1,0,0,0,0,1,"North America","Compared productivity along precipitation, soil, and nitrogen deposition gradients.","trees, shrubs, grasses","modeling","Productivity was more responsive to nitrogen inputs on coarse- than fine-textured soils.","No","Yes","No"
2010,"Robinson, David A.; Lebron, Inma; Querejeta, Jose Ignacio","Determining Soil-Tree-Grass Relationships in a California Oak Savanna Using Eco-êGeophysics","Vadose Zone Journal","10.2136/vzj2009.0041",1,0,0,0,0,1,"North America","Compared electrical conductivity (related to soil texture, moisture, and depth) across soil types and landscape positions.","trees, grass","field study","Conductivity was lowest on tree-dominated soils (indicating less water and coarser-textured shallow soils) and highest at sites with grass and no trees (indicating higher water content and finer-textured shallow soils).","Yes","Yes","No"
2010,"Wevill, Tricia; Read, Jennifer","Fine-scale patterns in the distribution of semi-arid tree species at Wyperfeld National Park, southeastern Australia-The potential roles of resource gradients vs disturbance","Journal of arid environments","10.1016/j.jaridenv.2009.10.009",1,0,0,0,0,1,NA,NA,NA,NA,NA,NA,NA,"No"
2010,"Winter, Stephen L.","The interaction of fire and grazing in Oklahoma Artemisia filifolia shrubland","",NA,1,1,0,0,0,1,NA,NA,NA,NA,NA,NA,NA,"No"
2010,"Zou, Ting; Li, Yan; Xu, Hao; Xu, Gui-Qing","Responses to precipitation treatment for Haloxylon ammodendron growing on contrasting textured soils","Ecological Research","10.1007/s11284-009-0642-1",1,0,1,0,0,0,NA,NA,NA,NA,NA,NA,NA,"No"
2011,"Geldenhuys, Conrad","A functional analysis of the response of the Southern Kalahari dune vegetation to land-use intensity","",NA,1,0,1,0,0,0,NA,NA,NA,NA,NA,NA,NA,"No"
2011,"Kacimov, A. R.","Simulation of Darcian evaporation through a heterogeneous soil layer","Proceedings of the International Conference on Scientific Computing (CSC)",NA,1,0,0,0,0,1,NA,NA,NA,NA,NA,NA,NA,"No"
2011,"McCallum, Kimberly C.","Regeneration in a changing climate: Modeling and experimental investigations of Pinus edulis recruitment","",NA,1,1,1,0,0,0,NA,NA,NA,NA,NA,NA,NA,"No"
2011,"Werner, Corey M.; Mason, Joseph A.; Hanson, Paul R.","Non-linear connections between dune activity and climate in the High Plains, Kansas and Oklahoma, USA","Quaternary Research","10.1016/j.yqres.2010.11.006",1,1,1,0,0,1,NA,NA,NA,NA,NA,NA,NA,"No"
2012,"Barkae, Erez David; Scharf, Inon; Abramsky, Zvika; Ovadia, Ofer","Jack of all trades, master of all: a positive association between habitat niche breadth and foraging performance in pit-building antlion larvae","PLoS One","10.1371/journal.pone.0050884",1,0,0,0,0,1,NA,NA,NA,NA,NA,NA,NA,"No"
2012,"Bowker, M. A.; Munoz, A.; Martinez, T.; Lau, M. K.","Rare drought-induced mortality of juniper is enhanced by edaphic stressors and influenced by stand density","Journal of arid environments","10.1016/j.jaridenv.2011.10.005",1,0,0,0,0,1,"North America","Investigated relative importance of competition, soil texture, and heat load on drought-induced tree mortality between woodland and grasland sites.","trees","field study","Drought-induced tree mortality was greater and tree density was lower on fine- than on coarse-textured soils.","No","Yes","No"
2012,"Cabello, J.; Alcaraz-Segura, D.; Ferrero, R.; Castro, A. J.; Liras, E.","The role of vegetation and lithology in the spatial and inter-annual response of EVI to climate in drylands of Southeastern Spain","Journal of Arid Environments","10.1016/j.jaridenv.2011.12.006",1,1,0,0,0,1,"Europe","Evaluated environmental controls on vegetation.","all","remote sensing","Vegetation on sandstone bedrock was most sensitive to MAP, but did not exhibit higher vegetation greeness than other substrates. Authors suggest that ITE does not hold for Mediterranean climate because evaporation is less important to water balance.","No","Mixed","No"
2012,"Dev, Laura; Klein, Julia; Brown, Cynthia; Blumenthal, Dana; Hobbs, N. Thompson","Timing is Important: Seasonality of Precipitation Influences Ecosystem Properties and Response to Grazing","",NA,0,1,0,0,0,1,NA,NA,NA,NA,NA,NA,NA,"No"
2012,"Fensham, R. J.; Fairfax, R. J.; Dwyer, J. M.","Potential aboveground biomass in drought-prone forest used for rangeland pastoralism","Ecological Applications","10.1890/11-1123.1",1,0,0,0,0,1,"Australia","Compared drought-induced tree mortality across climate and soil gradients.","trees","field study","Tree mortality was negatively related to sand content.","No","Yes","No"
2012,"Looney, Christopher E.; Sullivan, Benjamin W.; Kolb, Thomas E.; Kane, Jeffrey M.; Hart, Stephen C.","Pinyon pine (Pinus edulis) mortality and response to water addition across a three million year substrate age gradient in northern Arizona, USA","Plant and Soil","10.1007/s11104-012-1150-6",1,1,1,0,0,1,"North America","Compared water stress and tree mortality across soil types with MAP 336 mm.","trees","field study","Tree density was higher on finer-textured soils. Watering decreased water stress at coarsest site and increased water stress at finer sites. Mortality and water stress were highest at intermediate textured site.","No","Mixed","No"
2012,"Luther-Mosebach, Jona; Dengler, Jurgen; Schmiedel, Ute; Rower, Inga Ute; Labitzky, Timo; Grongroft, Alexander","A first formal classification of the Hardeveld vegetation in Namaqualand, South Africa","Applied Vegetation Science","10.1111/j.1654-109X.2011.01173.x",1,0,0,0,0,1,NA,NA,NA,NA,NA,NA,NA,"No"
2012,"Rotkopf, Ron; Barkae, Erez David; Bar-Hanin, Einav; Alcalay, Yehonatan; Ovadia, Ofer","Multi-axis niche examination of ecological specialization: responses to heat, desiccation and starvation stress in two species of pit-building antlions","PLoS One","10.1371/journal.pone.0050884",1,0,1,0,0,0,NA,NA,NA,NA,NA,NA,NA,"No"
2012,"Ruppert, Jan C.; Holm, Alexander; Miehe, Sabine; Muldavin, Esteban; Snyman, Hennie A.; Wesche, Karsten; Linst√§dter, Anja","Meta-êanalysis of ANPP and rain-êuse efficiency confirms indicative value for degradation and supports non-êlinear response along precipitation gradients in drylands","Journal of Vegetation Science","10.1111/j.1654-1103.2012.01420.x",1,1,0,0,0,1,NA,NA,NA,NA,NA,NA,"Yes","No"
2012,"Sivandran, Gajan; Bras, Rafael L.","Identifying the optimal spatially and temporally invariant root distribution for a semiarid environment","Water Resources Research","10.1029/2012WR012055",0,1,0,0,0,1,"North America","Modeled optimal rooting profiles across five soil textures and two plant fuctional types.","shrubs, grasses","modeling","Deeper roots on coarse-textured soils, with lower evaporation and higher transpiration.","No","Yes","No"
2012,"Stark, Brian Jameson","Assessing Eolian Dust Inputs to Soils in Dry Creek Experimental Watershed, SW Idaho","",NA,1,0,0,0,0,1,NA,NA,NA,NA,NA,NA,NA,"No"
2013,"Chamizo, Sonia; Canton, Yolanda; Lazaro, Roberto; Domingo, Francisco","The role of biological soil crusts in soil moisture dynamics in two semiarid ecosystems with contrasting soil textures","Journal of Hydrology","10.1016/j.jhydrol.2013.02.051",1,0,0,0,0,1,NA,NA,NA,NA,NA,NA,NA,"No"
2013,"Hall, Sharon J.; Trujillo, Jolene; Nakase, Dana; Strawhacker, Colleen; Kruse-Peeples, Melissa; Schaafsma, Hoski; Briggs, John","Legacies of prehistoric agricultural practices within plant and soil properties across an arid ecosystem","Ecosystems","10.1007/s10021-013-9681-0",1,1,1,0,0,1,"North America","Compared soil and plant communities between areas that were enriched with silt from prehistoric farming practices to surrounding areas.","shrubs, forbs","field study","Perennial plants supported ITE, but annuals did not--they discuss that annuals may be in a ""wet"" part of a moisture gradient given that they use water during a specific time of year that is wet.","No","Mixed","No"
2013,"Martin, J.; Lopez, P.; Garcia, L. V.","Soil characteristics determine microhabitat selection of the fossorial amphisbaenian Trogonophis wiegmanni","Journal of Zoology","10.1111/jzo.12033",1,0,0,0,0,1,NA,NA,NA,NA,NA,NA,NA,"No"
2013,"Nano, Catherine E. M.; Pavey, Chris R.","Refining the ""pulse-reserve"" model for arid central Australia: Seasonal rainfall, soil moisture and plant productivity in sand ridge and stony plain habitats of the Simpson Desert","Austral Ecology","10.1111/aec.12036",1,0,1,0,0,1,"Australia","Sampled plant abundance and diversity before and after rainfall pulses on sand ridges and adjacent fine-textured soils.","shrubs, grasses, forbs","field study","Sand ridges had higher plant abundance and diversity of species over time, but grasses preferred adjacent fine-textured soils. Plant phenology and antecedent soil moisture conditions determined which pulses plants responded to.","Yes","Yes","Yes"
2013,"Roskin, Joel; Katra, Itzhak; Blumberg, Dan G.","Late Holocene dune mobilizations in the northwestern Negev dunefield, Israel: A response to combined anthropogenic activity and short-term intensified windiness","Quaternary International","10.1016/j.quaint.2012.10.034",1,0,1,0,0,0,NA,NA,NA,NA,NA,NA,NA,"No"
2013,"Rotkopf, Ron; Alcalay, Yehonatan; Bar-Hanin, Einav; Barkae, Erez David; Ovadia, Ofer","Slow growth improves compensation ability: examining growth rate and starvation endurance in pit-building antlions from semi-arid and hyper-arid regions","Evolutionary Ecology","10.1007/s10682-013-9644-0",1,0,0,0,0,1,NA,NA,NA,NA,NA,NA,NA,"No"
2013,"Ruoss, Sacha B.","Restoration ecology of rare shallow-soil endemic flora from a semi-arid biodiversity hotspot","",NA,1,1,0,0,0,1,"Australia","Planted three shallow-soil endemic species on four different restoration substrates with different soil textures and gravel contents.","shrubs, sedge","field study","Survival and plant health was generally greater on more clay-rich soils, which also had higher gravel content.","No","No","No"
2013,"Siegal, Zehava; Tsoar, Haim; Karnieli, Arnon","Effects of prolonged drought on the vegetation cover of sand dunes in the NW Negev Desert: field survey, remote sensing and conceptual modeling","Aeolian Research","10.1016/j.aeolia.2013.02.002",1,1,1,0,0,0,NA,NA,NA,NA,NA,NA,NA,"No"
2013,"Travers, Samantha K.; Eldridge, David J.","Increased rainfall frequency triggers an increase in litter fall rates of reproductive structures in an arid eucalypt woodland","Austral Ecology","10.1111/aec.12055",1,0,1,0,0,1,"Australia","Compared litterfall of reproductive structures between dune (coarse) and swale (fine) sites over multiple years.","shrubs, trees","field study","Litterfall of reproductive structures was greater on fine- than coarse-textured soils in both wet and dry years.","No","No","No"
2014,"Alcalay, Yehonatan; Ovadia, Ofer; Scharf, Inon","Behavioral repeatability and personality in pit-building antlion larvae under differing environmental contexts","Behavioral Ecology and Sociobiology","10.1007/s00265-014-1804-x",1,0,0,1,0,0,NA,NA,NA,NA,NA,NA,NA,"No"
2014,"Barkae, Erez David; Abramsky, Zvika; Ovadia, Ofer","Can models of density-dependent habitat selection be applied for trap-building predators?","Population Ecology","10.1007/s10144-013-0401-6",1,0,1,0,0,0,NA,NA,NA,NA,NA,NA,NA,"No"
2014,"Strohbach, Ben J.; Kutuahuripa, Josephat T.","Vegetation of the eastern communal conservancies in Namibia: II. Environmental drivers","Koedoe","10.4102/koedoe.v56i1.1117",1,0,1,0,0,1,"Africa","Compared environmental characteristics across abrupt vegetation transition.","all","field study","The vegetation transition included a transition from shallower to deeper roots and was associated with a transit from loamy to sandy soils.","No","Yes","No"
2014,"Thomey, Michell L.; Collins, Scott L.; Friggens, Michael T.; Brown, Renee F.; Pockman, William T.","Effects of monsoon precipitation variability on the physiological response of two dominant C4 grasses across a semiarid ecotone","Oecologia","10.1007/s00442-014-3052-1",1,1,0,0,0,1,"North America","Compared soil water and plant physiological responses between plant communities and for to two different monsoon rainfall regimes: frequent small (10 mm) events versus infrequent large (30 mm) events.","grasses","field study","Soil water increased at 15 cm depth following smaller rainfall events on coarse- but not fine-textured soil and increased on all soils following larger events.","No","Yes","No"
2015,"Blumler, Mark A.","Deciduous Woodlands in Mediterranean California","Warm-Temperate Deciduous Forests around the Northern Hemisphere","10.1007/978-3-319-01261-2_2",1,0,1,0,0,0,NA,NA,NA,NA,NA,NA,NA,"No"
2015,"Bork, Edward W.; Irving, Barry D.","Seasonal availability of cool-and warm-season herbage in the northern mixed prairie","Rangelands","10.1016/j.rala.2015.07.002",1,1,1,0,0,1,"North America","Compared relative contribution of C3 and C4 grasses and forbs to production between a sandy and a loamy site.","grasses, forbs","field study","Annual production was similar between soil textures but plant community composition (C3 grass, C4 grass, forbs) varied.","No","Mixed","No"
2015,"Fensham, Roderick J.; Butler, Don W.; Foley, Jenny","How does clay constrain woody biomass in drylands?","Global Ecology and Biogeography","10.1111/geb.12319",1,0,1,0,1,1,"Australia","Compared tree cover on different soil types and along gradients of aridity; compared drought-induced tree mortality between pairs of sites with contrasting soil textures.","trees","remote sensing, field study","Soil clay content determined tree biomass in general, and tree mortality during drought. Crossover points depend on potential evapotranspiration (PET): higher PET means higher crossover point.","Yes","Yes","Yes"
2015,"Field, John L.","Towards the systematic identification of low-cost ecosystem-mediated carbon sequestration opportunities in bioenergy supply chains","","",1,0,0,0,1,0,NA,NA,NA,NA,NA,NA,NA,"No"
2015,"Hoover, David L.; Duniway, Michael C.; Belnap, Jayne","Pulse-drought atop press-drought: unexpected plant responses and implications for dryland ecosystems","Oecologia","10.1007/s00442-015-3414-3",1,1,1,0,0,1,"North America","Compared plant cover and drought response across sites with different soil textures.","shrubs, grasses","field study","Plant cover was higher on sandy soils but there was no evidence of ITE during drought events.","No","Mixed","Yes"
2015,"Sala, Osvaldo E.; Gherardi, Laureano A.; Peters, Debra P. C.","Enhanced precipitation variability effects on water losses and ecosystem functioning: differential response of arid and mesic regions","Climatic Change","10.1007/s10584-015-1389-z",0,1,0,0,0,1,"North America","Evaluated the effects of intra- and inter-annual variability of precipitation on grassland vegetation.","all","modeling","At dry sites, increased precipitation variability (larger events) decreased evaporation and increased the depth of soil water and transpiration, while at wetter sites, it resulted in more drainage, little change to evaporation, and a decrease in transpiration.","No","Yes","No"
2015,"Shepard, Christopher; Schaap, Marcel G.; Crimmins, Michael A.; van Leeuwen, Willem JD; Rasmussen, Craig","Subsurface soil textural control of aboveground productivity in the US Desert Southwest","Geoderma Regional","10.1016/j.geodrs.2014.12.003",1,0,0,0,0,1,"North America","Compared above ground productivity across climate and soil gradients.","all","remote sensing","Coarse-textured soil promotes productivity in the Mojave by reducing evaporation in the summer, while coarse-textured soil in the Sonoran limited productivity due to higher MAP and bimodal precipitation.","No","Yes","No"
2015,"Xu, Xiaoming; Li, Dejun; Luo, Yiqi","Modeled ecosystem responses to intra-annual redistribution and levels of precipitation in a prairie grassland","Ecological Modelling","10.1016/j.ecolmodel.2014.11.010",1,1,0,0,0,1,"North America","Compared ecosystem and soil water response to increased, decreased, and intra-annually redistributed precipitation across five soil textures.","all","modeling","NPP was highest on intermediate-textured soils (loam) for all scenarios, but was greater on sand than clay loam for all scenarios except non-redistributed high precipitation (1.5 x ambient). These differences were due to a direct tradeoff between drainage and evapotranspiration.","No","Yes","No"
2016,"Beal, Lakin K.; Huber, David P.; Godsey, Sarah E.; Nawotniak, Shannon K.; Lohse, Kathleen A.","Controls on ecohydrologic properties in desert ecosystems: Differences in soil age and volcanic morphology","Geoderma","10.1016/j.geoderma.2016.01.030",1,0,0,0,0,1,"North America","Compared soil development, hydrologic properties, and plant communities between young and old sites of two different volcanic parent materials.","all","field study","Higher cover of vegetation in general, including trees, on deeper, coarser soils where water infiltrates deeper.","Yes","Yes","No"
2016,"Coble, Ashley A.; Hart, Stephen C.","No evidence of resource limitation to aboveground growth of blue grama (Bouteloua gracilis) on 1 ky-old semi-arid substrate","Biogeochemistry","10.1007/s10533-016-0268-7",1,0,0,0,0,1,"North America","Compared grass (blue gramma) cover and productivity across a combined soil age and texture gradient with nutrient and water addition treatments.","grass","field study","Although cover was lower on coarse- than fine-textured soils, ANPP was greater, indicating taller but sparser plants, providing partial support for the ITE.","No","Mixed","No"
2016,"Fick, Stephen E.; Decker, Cheryl; Duniway, Michael C.; Miller, Mark E.","Small-êscale barriers mitigate desertification processes and enhance plant recruitment in a degraded semiarid grassland","Ecosphere","10.1002/ecs2.1354",1,0,1,0,0,0,NA,NA,NA,NA,NA,NA,NA,"No"
2016,"Gamoun, Mouldi","Rain Use Efficiency, Primary Production and Rainfall Relationships in Desert Rangelands of Tunisia","Land Degradation & Development","10.1002/ldr.2418",1,1,0,0,0,1,"Africa","Compared ANPP and rain use efficiency over a 10-year period across soil types.","all","field study","ANPP was higher and rainfall was more effective on coarser-textured soils.","No","Yes","No"
2016,"Glenn, Edward P.; Jarchow, Christopher J.; Waugh, W. Joseph","Evapotranspiration dynamics and effects on groundwater recharge and discharge at an arid waste disposal site","Journal of Arid Environments","10.1016/j.jaridenv.2016.05.003",1,0,0,0,0,1,NA,NA,NA,NA,NA,NA,NA,"No"
2016,"Moxham, Claire; Dorrough, Josh; Bramwell, Mick; Farmilo, Brad J.","Fire exclusion and soil texture interact to influence temperate grassland flora in south-eastern Australia","Australian Journal of Botany","10.1071/bt16056",0,1,0,0,0,1,"Australia","Compared cover and richness of plant species between burned and unburned plots with different soil textures.","all","field study","Grass cover ws higher on fine- than coarse-textured soils.","No","No","No"
2016,"Spielmann, Katherine A.; Hall, Sharon J.; Kruse-Peeples, Melissa R.; Nakase, Dana K.; Trujillo, Jolene E.","Soil Texture and Agricultural Resilience in the Prehistoric Southwest","Viewing the future in the past","10.2307/j.ctv6sj807",0,1,1,0,0,0,NA,NA,NA,NA,NA,NA,NA,"No"
2016,"Tietjen, Britta","Same rainfall amount different vegetation-How environmental conditions and their interactions influence savanna dynamics","Ecological Modelling","10.1016/j.ecolmodel.2015.12.028",1,1,0,0,0,1,"Africa","Compared water availability and vegetation cover across soil textures, slopes, and gradients of precipitation and rainfal variability.","all","modeling","Water availability was higher on coarse- than fine-textured soils. Shrub cover was highest on finest-textured soil at lowest precipitation, but was highest on coarsest-textured soil for all other precipitation levels. Grass cover was similar, but there was no difference between textures at the highest precipitation level.","No","Mixed","No"
2016,"Travers, Samantha K.; Eldridge, David J.","Does litter decomposition vary between the foraging pits of two soil-êdisturbing mammal species?","Earth Surface Processes and Landforms","10.1002/esp.3892",1,0,0,0,0,1,NA,NA,NA,NA,NA,NA,NA,"No"
2016,"Yang, Xuebin; Crews, Kelley A.; Yan, Bowei","Analysis of the pattern of potential woody cover in Texas savanna","International journal of applied earth observation and geoinformation","10.1016/j.jag.2016.07.021",1,0,0,0,0,1,NA,NA,NA,NA,NA,NA,NA,"No"
2017,"Augustine, David J.; Derner, Justin D.; Milchunas, Daniel; Blumenthal, Dana; Porensky, Lauren M.","Grazing moderates increases in C3 grass abundance over seven decades across a soil texture gradient in shortgrass steppe","Journal of Vegetation Science","10.1111/jvs.12508",1,1,1,0,0,0,NA,NA,NA,NA,NA,NA,NA,"No"
2017,"Huber, David P.","Precipitation Timing and Control Volumes Regulate Carbon and Nutrient Cycling in Cold Desert Soils","",NA,1,0,1,0,0,1,NA,NA,NA,NA,NA,NA,NA,"No"
2017,"Maynard, Jonathan J.; Levi, Matthew R.","Hyper-temporal remote sensing for digital soil mapping: Characterizing soil-vegetation response to climatic variability","Geoderma","10.1016/j.geoderma.2016.09.024",0,1,1,0,0,0,NA,NA,NA,NA,NA,NA,NA,"No"
2018,"Blumler, Mark A.","What Is the ""True"" Mediterranean-Type Vegetation?","Geographical Changes in Vegetation and Plant Functional Types","10.1007/978-3-319-68738-4_6",1,0,1,0,0,0,NA,NA,NA,NA,NA,NA,NA,"No"
2018,"Eldridge, David J.; Delgado-Baquerizo, Manuel; Travers, Samantha K.; Val, James; Oliver, Ian; Dorrough, Josh W.; Soliveres, Santiago","Livestock activity increases exotic plant richness, but wildlife increases native richness, with stronger effects under low productivity","Journal of Applied Ecology","10.1111/1365-2664.12995",1,0,1,0,0,0,NA,NA,NA,NA,NA,NA,NA,"No"
2018,"Havrilla, Caroline A.; Barger, Nichole N.","Biocrusts and their disturbance mediate the recruitment of native and exotic grasses from a hot desert ecosystem","Ecosphere","10.1002/ecs2.2361",1,0,0,0,0,1,"North America","Compared emergence, survival, growth, and performance of different grass species on two biocrust types and two soil types.","grass","greenhouse","Seedling growth and survival was higher on sandy than silty soil.","No","Yes","No"
2018,"Pornaro, Cristina; Vincenzi, Valentina; Furin, Stefano; Fazzini, Massimiliano; Minarelli, Luca; Macolino, Stefano","Seasonal changes in dry matter yield from Karst pastures as influenced by morphoclimatic features","Plos one","10.1371/journal.pone.0204092",0,1,0,0,0,1,NA,NA,NA,NA,NA,NA,NA,"No"
2018,"Sanaei, Anvar; Chahouki, Mohammad Ali Zare; Ali, Arshad; Jafari, Mohammad; Azarnivand, Hossein","Abiotic and biotic drivers of aboveground biomass in semi-steppe rangelands","Science of the Total Environment","10.1016/j.scitotenv.2017.10.010",1,1,1,0,0,1,"Asia","Evaluated relationships of above ground biomass with both biotic and abiotic factors (including soil texture).","shrubs, grasses, forbs","field study","Above ground biomass of shrubs was greater on coarse- than fine-textured soils, but there were not soil texture differences for forbs, grasses, or total above ground biomass.","No","Mixed","No"
2018,"Tipton, C. Y.; Ocheltree, T. W.; Mueller, K. E.; Turk, P.; Fernandez-Gimenez, M. E.","Revision of a state-êand-êtransition model to include descriptions of state functional attributes","Ecosphere","10.1002/ecs2.2201",1,1,0,0,0,1,NA,NA,NA,NA,NA,NA,NA,"No"
2018,"Zhou, Zhenghu; Wang, Chuankuan; Luo, Yiqi","Response of soil microbial communities to altered precipitation: A global synthesis","Global Ecology and Biogeography","10.1111/geb.12761",1,1,1,0,0,1,NA,NA,NA,NA,NA,NA,NA,"No"
2019,"Ali, Arshad; Lin, Si-Liang; He, Jie-Kun; Kong, Fan-Mao; Yu, Jie-Hua; Jiang, Hai-Sheng","Climatic water availability is the main limiting factor of biotic attributes across large-scale elevational gradients in tropical forests","Science of the Total Environment","10.1016/j.scitotenv.2018.08.140",0,1,1,0,0,0,NA,NA,NA,NA,NA,NA,NA,"No"
2019,"Barnard, David M.; Germino, Matthew J.; Arkle, Robert S.; Bradford, John B.; Duniway, Michael C.; Pilliod, David S.; Pyke, David A.; Shriver, Robert K.; Welty, Justin L.","Soil characteristics are associated with gradients of big sagebrush canopy structure after disturbance","Ecosphere","10.1002/ecs2.2780",1,1,0,0,0,1,NA,NA,NA,NA,NA,NA,NA,"No"
2019,"Diaz, Ismael; Achkar, Marcel; Crisci, Carolina; Mazzeo, Nestor","Natural and land-use drivers of primary production in a highly vulnerable region of livestock production (Sierras del Este-Uruguay)","","10.17170/kobra-20190219194",1,1,0,0,0,1,"South America","Compared ANPP across soil types using remote-sensing and soil maps across Uruguay grasslands.","grasses","field study","Higher productivity of grassland on coarser soils during drought (opposite during wet periods).","No","Yes","No"
2019,"Epstein, H. E.; Lauenroth, W. K.; Paruelo, J. M.; Pineiro, G.; Burke, I. C.; Barrett, J. E.","Interactions of Water and Nitrogen on Primary Productivity Across Spatial and Temporal Scales in Grassland and Shrubland Ecosystems","Dryland Ecohydrology","10.1007/1-4020-4260-4_12",1,1,1,0,0,0,NA,NA,NA,NA,NA,NA,NA,"No"
2019,"Ji, Wenjie; Hanan, Niall P.; Browning, Dawn M.; Monger, H. Curtis; Peters, Debra P. C.; Bestelmeyer, Brandon T.; Archer, Steve R.; Ross, C. Wade; Lind, Brianna M.; Anchang, Julius; Kumar, Sanath S.; Prihodko, Lara","Constraints on shrub cover and shrub-shrub competition in a U.S. southwest desert","Ecosphere","10.1002/ecs2.2590",1,0,1,0,0,0,"North America","Compared shrub cover across land forms with different soil texture.","shrubs","remote sensing","Shrub cover increased initially with clay content then decreased as percentage clay exceeded 18%.","Yes","Mixed","No"
2019,"Mahgoub, Alaa M. M. A.","Comparative view for the impact of five eco factors on species distribution and weed community structure in Isthmus of Suez and adjoining farmland east Nile delta, Egypt","Heliyon","10.1016/j.heliyon.2019.e02161",0,1,0,0,0,1,NA,NA,NA,NA,NA,NA,NA,"No"
2019,"Osborn, Blake J.; Williams, David G.","Lodgepole pine tree-ring growth, delta 13 C and the inverse texture effect across a soil chronosequence in glacial till","Plant and Soil","10.1007/s11104-019-04243-2",1,1,1,0,0,1,"North America","Compared tree growth across a gradient of soil age and texture.","trees","field study","Growth was slowest on the coarsest-textured soil at this relatively wet site (MAP >800 mm).","No","No","Yes"
2019,"Renne, Rachel R.; Bradford, John B.; Burke, Ingrid C.; Lauenroth, William K.","Soil texture and precipitation seasonality influence plant community structure in North American temperate shrub steppe","Ecology","10.1002/ecy.2824",1,1,1,0,0,1,"North America","Compared plant cover by growth form across gradients of soil texture and precipitation amount and seasonality.","trees, shrubs, grasses, forbs, succulents","field study","ITE was relevant with different functional types, particularly when considering the season of precipitation thought to be most relevant to their growth. ITE was largest when comparing very coarse- to very fine-textured soils.","No","Yes","Yes"
2019,"Sanaei, Anvar; Ali, Arshad","What is the role of perennial plants in semi-steppe rangelands? Direct and indirect effects of perennial on annual plant species","Ecological Indicators","10.1016/j.ecolind.2018.11.008",1,1,0,1,0,0,NA,NA,NA,NA,NA,NA,NA,"No"
2019,"Sanaei, Anvar; Li, Mingshi; Ali, Arshad","Topography, grazing, and soil textures control over rangelands' vegetation quantity and quality","Science of the Total Environment","10.1016/j.scitotenv.2019.134153",1,1,1,0,0,1,"Asia","Compared above ground biomass, cover, and density across elevation, soil texture, and grazing gradients.","shrubs, grasses, forbs","field study","Coarse soils favored shrubs while fine soils favored grasses.","No","Mixed","No"
2019,"Theilmann, Mira Lizabeth","Interactions Between Ecosystem Dynamics On Belowground Microbial Community Capacity Under Semiarid And Arid Conditions","",NA,1,0,1,0,0,0,NA,NA,NA,NA,NA,NA,NA,"No"
2019,"Thoma, David P.; Munson, Seth M.; Witwicki, Dana L.","Landscape pivot points and responses to water balance in national parks of the southwest US","Journal of Applied Ecology","10.1111/1365-2664.13250",1,1,0,0,0,1,"North America","Compared vegetation production and water balance across vegetation and soil types.","all","remote sensing","Vegetation response to annual precipitation increased with sand content and decreased with clay content at grassland and sagebrush sites, but switch from negative to positive response to annual precipitation increased with clay content and decreased with sand content.","No","Mixed","No"
2019,"Van Der Merwe, Helga; Van Rooyen, Noel; Bezuidenhout, Hugo; Bothma, Jacobus Du P.; Van Rooyen, Margaretha W.","Vachellia erioloba dynamics over 38 years in the Kalahari Gemsbok National Park, South Africa","Koedoe","10.4102/koedoe.v61i1.1534",1,0,1,0,0,0,NA,NA,NA,NA,NA,NA,NA,"No"
2019,"Wagner, Svenja","Effects of Water Holding Capacity and Precipitation on Above Ground Net Primary Production","",NA,1,1,1,0,0,0,NA,NA,NA,NA,NA,NA,NA,"No"
2019,"Whipple, Amy V.; Cobb, Neil S.; Gehring, Catherine A.; Mopper, Susan; Flores-Renteria, Lluvia; Whitham, Thomas G.","Long-term studies reveal differential responses to climate change for trees under soil-or herbivore-related stress","Frontiers in Plant Science","10.3389/fpls.2019.00132",1,0,1,0,0,1,"North America","Compared tree stem growth, male reproduction, and mortality between three soil types during drought.","trees","field study","Trees were less affected by drought on coarse- than fine-textured soils.","No","Yes","No"
2020,"Ali, Arshad; Sanaei, Anvar; Li, Mingshi; Nalivan, Omid Asadi; Ahmadaali, Khaled; Pour, Mohsen Javanmiri; Valipour, Ahmad; Karami, Jalil; Aminpour, Mohammad; Kaboli, Hasan","Impacts of climatic and edaphic factors on the diversity, structure and biomass of species-poor and structurally-complex forests","Science of the total environment","10.1016/j.scitotenv.2019.135719",0,1,1,0,0,0,NA,NA,NA,NA,NA,NA,NA,"No"
2020,"Aney, Gjertrud E.","Landscape-Scale Modeling of Drought-and Insect-Related Tree Mortality in Northern New Mexico","",NA,1,1,1,0,0,0,NA,NA,NA,NA,NA,NA,NA,"No"
2020,"Detsis, Vassilis; Efthimiou, Georgios; Theodoropoulou, Olga; Siorokou, Stavroula","Determination of the environmental factors that affect the growth and survival of Greek Fir seedlings","Land","10.3390/lands940100",1,1,1,0,0,1,"Europe","Compared growth and survival of tree seedlings across soil texture and rainfall gradients.","trees","field study","Growth and survival was higher at low clay contents.","No","Yes","No"
2020,"Duncan, Corrine; Good, Megan K.; Sluiter, Ian; Cook, Simon; Schultz, Nick L.","Soil reconstruction after mining fails to restore soil function in an Australian arid woodland","Restoration Ecology","10.1111/rec.13166",1,1,1,0,0,0,NA,NA,NA,NA,NA,NA,NA,"No"
2020,"Guo, Jessica S.; Hultine, Kevin R.; Koch, George W.; Kropp, Heather; Ogle, Kiona","Temporal shifts in iso/anisohydry revealed from daily observations of plant water potential in a dominant desert shrub","New Phytologist","10.1111/nph.16196",1,0,0,0,0,1,NA,NA,NA,NA,NA,NA,NA,"No"
2020,"Holdo, Ricardo M.; Onderdonk, Daphne A.; Barr, Annabelle G.; Mwita, Meshak; Anderson, T. Michael","Spatial transitions in tree cover are associated with soil hydrology, but not with grass biomass, fire frequency, or herbivore biomass in Serengeti savannahs","Journal of Ecology","10.1111/1365-2745.13303",1,0,1,0,0,1,"Africa","Compared soil water dynamics and grass biomass between treed and herbaceous habitats.","trees, grasses","field study","Treed and herbaceous habitat had similar peak soil water content following precipitation events, but treed habitats had faster drainage. No difference in grass biomass between treed and herbaceous habitats.","Yes","Yes","Yes"
2020,"Liu, Hu; Wu, Chuandong; Yu, Yang; Zhao, Wenzhi; Yang, Qiyue; Wang, Sijia; Liu, Jintao","Modeling the physiological responses of a desert shrub to rainfall pulses in an arid environment in northwestern China","Journal of Arid Environments","10.1016/j.jaridenv.2020.104277",1,0,0,0,0,1,"Asia","Compared physiological responses of a shrub to different precipitation pulses across soil textures.","shrub","modeling","Physiological responses of the shrub occurred at much lower soil water content on sandy soil than on clay soil.","No","Yes","No"
2020,"Villa, Pedro Manuel; Ali, Arshad; Martins, Sebastiao Venancio; de Oliveira Neto, Silvio Nolasco; Rodrigues, Alice Cristina; Teshome, Mindaye; Carvalho, Fabricio Alvim; Heringer, Gustavo; Gastauer, Markus","Stand structural attributes and functional trait composition overrule the effects of functional divergence on aboveground biomass during Amazon forest succession","Forest Ecology and Management","10.1016/j.foreco.2020.128385",0,1,1,0,0,0,NA,NA,NA,NA,NA,NA,NA,"No"
2020,"Wang, Guohua; Gou, Qianqian; Hao, Yulian; Zhao, Huimin; Zhang, Xiafang","Dynamics of soil water content across different landscapes in a typical desert-oasis ecotone","Frontiers in Environmental Science","10.3389/fenvs.2020.577406",1,0,0,0,0,1,NA,NA,NA,NA,NA,NA,NA,"No"
2020,"Ye, Zu-Xin; Cheng, Wei-Ming; Zhao, Zhi-Qi; Guo, Jian-Yang; Yang, Ze-Xian; Wang, Rui-Bo; Wang, Nan","Spatio-Temporal characteristics of drought events and their effects on vegetation: A case study in southern Tibet, China","Remote Sensing","10.3390/rs12244174",1,0,0,0,1,0,NA,NA,NA,NA,NA,NA,NA,"No"
2020,"Zang, YongXin; Min, XiaoJun; de Dios, Victor Resco; Ma, JianYing; Sun, Wei","Extreme drought affects the productivity, but not the composition, of a desert plant community in Central Asia differentially across microtopographies","Science of the Total Environment","10.1016/j.scitotenv.2020.137251",1,1,1,0,0,1,"Asia","Compared composition and productivity across dune microtopgraphies during drought conditions.","annuals","field study","ANPP decreased with clay content within each of 4 microtopographies on dunes, even though the range of clay was very low (0 to 1.2%).","No","Yes","No"
2021,"Ding, Jingyi; Travers, Samantha Kay; Eldridge, David John","Occurrence of Australian woody species is driven by soil moisture and available phosphorus across a climatic gradient","Journal of Vegetation Science","10.1111/jvs.13095",1,0,1,0,0,1,"Australia","Compared woody plant presence/absence across soil texture, phosphorous, aridity, and summer rainfall gradients.","trees","field study","Woody plants did better on finer soils in subhumid zones and coarser soils in the arid zone.","Yes","Yes","No"
2021,"Gagnon, Alyson; Ploughe, Laura W; Harris, Michelle P; Gardner, Wendy C; Pypker, Thomas; Fraser, Lauchlan H","Grassland reclamation of a copper mine tailings facility: Long-êterm effects of biosolids on plant community responses","Applied Vegetation Science","10.1111/avsc.12612",1,1,0,0,0,1,"North America","Compared plant community responses to different biosolid treatments across two soil textures.","all","field study","Plant cover was higher on silt loam than sandy site in this semi-arid environment (presumed above cross-over point).","No","Yes","No"
2021,"Giddens, Jonathan","The effects of precipitation, tree size, and stand density on water use and drought tolerance of eastern redcedar in Oklahoma, USA","",NA,1,0,0,0,0,1,NA,NA,NA,NA,NA,NA,NA,"No"
2021,"Hacker, Ronald B.; McDonald, Sarah E.","Prospects for sustainable use of the pastoral areas of Australia-ôs southern rangelands: a synthesis","The Rangeland Journal","10.1071/RJ21036",1,0,1,0,0,0,NA,NA,NA,NA,NA,NA,NA,"No"
2021,"Hou, Enqing; Litvak, Marcy E.; Rudgers, Jennifer A.; Jiang, Lifen; Collins, Scott L.; Pockman, William T.; Hui, Dafeng; Niu, Shuli; Luo, Yiqi","Divergent responses of primary production to increasing precipitation variability in global drylands","Global Change Biology","10.1111/gcb.15801",0,1,0,0,0,1,"Global","Compared ANPP across gobal drylands with MAP <500 mm under altered precipitation scenarios (variability and MAP), two soil textures, two MAT scenarios, and three rooting depth profiles.","all","modeling","Increases in ANPP in response to increased precipitation variability were larger on sandy loam than loam soils, except at very low MAP (<100mm).","No","Mixed","No"
2021,"Jiang, Lubing; Liu, Hongyan; Peng, Zhaoyu; Dai, Jingyu; Zhao, Fengjun; Chen, Zhiting","Root system plays an important role in responses of plant to drought in the steppe of China","Land Degradation & Development","10.1002/ldr.3930",1,1,1,0,0,1,"Asia","Compared plant traits of 12 species across gradients of MAT, MAP, aridity, sand:clay ratio, and human disturbance.","all","field study","Plant height and biomass (both above and below ground) were related to aridity index, but not to sand:clay ratio.","No","No","No"
2021,"Kong, Kaman; Nandintsetseg, Banzragch; Shinoda, Masato","How plant production in the Mongolian grasslands is affected by wind-eroded coarse-textured topsoil","Journal of Arid Environments","10.1016/j.jaridenv.2021.104443",1,1,1,0,0,1,"Asia","Compared plant growth between sites with and without 10-cm coarse material deposit on soil surface across two vegetation types: steppe and desert steppe.","all","modeling","Plant production decreased with the addition of the coarse-textured surface soil layer in desert steppe, but increased in steppe (opposite of the inverse texture effect).","No","No","Yes"
2021,"Lazarus, Brynne E.; Germino, Matthew J.","Post-fire management targeting invasive annual grasses may have inadvertently released the exotic perennial forb Chondrilla juncea and suppressed its biocontrol agent","Biological Invasions","10.1007/s10530-021-02481-z",1,0,0,0,0,1,NA,NA,NA,NA,NA,NA,NA,"No"
2021,"Peters, Debra PC; Savoy, Heather M.; Stillman, Susan; Huang, Haitao; Hudson, Amy R.; Sala, Osvaldo E.; Vivoni, Enrique R.","Plant species richness in multiyear wet and dry periods in the Chihuahuan Desert","Climate","10.3390/cli9080130",1,1,0,0,0,1,NA,NA,NA,NA,NA,NA,NA,"No"
2021,"Wainwright, Brooke E.","What does the future look like? Plant community change at the recruitment life stage","",NA,1,0,0,0,0,1,"North America","Compared grass and shrub germination and survival at ecotones between vegetation types with experimentally manipulated precipitation.","shrubs, grasses","field study","Recruitment was higher at site with higher clay content, perhaps because surface soils where germination occurs stayed wetter longer.","No","No","No"
2021,"Zang, YongXin; Ma, JianYing; Zhou, XiaoBing; Tao, Ye; Yin, BenFeng; Zhang, YuanMing","Extreme precipitation increases the productivity of a desert ephemeral plant community in Central Asia, but there is no slope position effect","Journal of Vegetation Science","10.1111/jvs.13077",1,1,1,0,0,1,"Asia","Compared cover, density, height, richness, and biomass of desert ephemerals on different slopes of sand dunes under ambient and increased annual precipitation.","annuals","field study","ANPP increased with clay content (range: 0-1.2%) for precipitation addition treatments, but decresed with clay content for ambient conditions, and changes were primarily due to plant density (rather than height or richness).","No","No","No"
2022,"Abbasi, Umar Aftab; Mattsson, Eskil; Nissanka, Sarath Premalal; Ali, Arshad","Biological, structural and functional responses of tropical forests to environmental factors","Biological Conservation","10.1016/j.biocon.2022.109792",1,0,0,0,0,1,NA,NA,NA,NA,NA,NA,NA,"No"
2022,"Ali, Arshad; Mattsson, Eskil; Nissanka, Sarath Premalal","Big-sized trees and species-functional diversity pathways mediate divergent impacts of environmental factors on individual biomass variability in Sri Lankan tropical forests","Journal of Environmental Management","10.1016/j.jenvman.2022.115177",0,1,1,0,0,0,NA,NA,NA,NA,NA,NA,NA,"No"
2022,"Goebl, April M.; Kane, Nolan C.; Doak, Daniel F.; Rieseberg, Loren H.; Ostevik, Kate L.","Adaptation to distinct habitats is maintained by contrasting selection at different life stages in sunflower ecotypes","Molecular Ecology","10.1111/mec.16785",1,0,0,0,0,1,NA,NA,NA,NA,NA,NA,NA,"No"
2022,"Gupta, Surya; Bonetti, Sara; Lehmann, Peter; Or, Dani","Limited role of soil texture in mediating natural vegetation response to rainfall anomalies","Environmental Research Letters","10.1088/1748-9326/ac5206",1,0,1,0,1,1,"Global","Compared crop yield and gross primary production of natural vegetation across soil textures and annual precipitation amounts.","crops, all","remote sensing, field study","ITE may not apply to crops because of the mismatch between rooting depth and patterns of soil water availability. Texture effects are stronger in dry than in wet years for crops. ITE supported for GPP in natural vegetation during both wet and dry years.","No","Mixed","Yes"
2022,"Havrilla, Caroline A.; Bradford, John B.; Yackulic, Charles B.; Munson, Seth M.","Divergent climate impacts on C3 versus C4 grasses imply widespread 21st century shifts in grassland functional composition","Diversity and Distributions","10.1111/ddi.13669",1,0,0,0,0,1,"North America","Developed species distribution models to determine how climate and soil control the relative abundance of C3 and C4 perennial grasses.","grasses","modeling","Both C3 and C4 grasses were favored by deep soils and C4 species preferred sandier soils than C3 species, perhaps reflecting their reliance on warm-season precipitation which is at higher risk of loss to evaporation than cool-season precipitation.","No","Yes","No"
2022,"Holguin, Jennifer; Collins, Scott L.; McLaren, Jennie R.","Belowground responses to altered precipitation regimes in two semi-arid grasslands","Soil Biology and Biochemistry","10.1016/j.soilbio.2022.108725",1,0,0,0,0,1,"North America","Compared below ground production between two semi-arid grassland under experimentally imposed drought and delayed rainy season treatments.","grasses","field study","Below ground net primary production decreased in the delayed monsoon treatment at both sites, but only decreased in the extreme drought treatment at the site with lower precipitation and coarser soils.","No","No","No"
2022,"Jiang, Lubing; Wu, Lu; Liu, Hongyan; He, Wenqi; Shi, Liang; Xu, Chongyang; Xiang, Changlin","Coarsened soil reduces drought resistance of fibrous-rooted species on degraded steppe","Ecological Indicators","10.1016/j.ecolind.2022.109644",0,1,1,0,0,1,"Asia","Compared performance of fibrous and tap-rooted species under experimentally imposed drought conditions across two soil textures.","grases, subshrubs, forbs","common garden","Three of five species showed either greater above ground biomass, below ground biomass, plant height, or root length on coarse- than fine-textured soils.","No","Mixed","No"
2022,"Kucuk, Caglar; Koirala, Sujan; Carvalhais, Nuno; Miralles, Diego G.; Reichstein, Markus; Jung, Martin","Characterizing the Response of Vegetation Cover to Water Limitation in Africa Using Geostationary Satellites","Journal of Advances in Modeling Earth Systems","10.1029/2021MS002730",1,1,1,0,0,1,"Africa","Compared fractional vegetation cover across gradients of soil water and sand content, and topography.","all","remote sensing","Fractional vegetation cover slightly higher a low sand content in driest parts of the study area.","No","No","Yes"
2022,"Mucina, Ladislav; Lotter, Mervyn C.; Rutherford, Michael C.; Van Niekerk, Adriaan; Macintyre, Paul D.; Tsakalos, James L.; Timberlake, Jonathan; Adams, Janine B.; Riddin, Taryn; Mccarthy, Lauren K.","Forest biomes of Southern Africa","New Zealand Journal of Botany","10.1080/0028825X.2021.1960383",1,0,1,0,0,0,NA,NA,NA,NA,NA,NA,NA,"No"
2022,"Shayaguli, J.; Zang, Y.X.; Yin, B.F.; Mamtimin, S.; Zhang, Y.M.","Responses of aboveground and belowground net primary productivity of ephemeral plants to extreme drought and extreme precipitation.","Chinese Journal of Applied Ecology","10.13287/j.1001-9332.202212.006",0,1,1,0,0,1,"Asia","Compared ANPP and BNPP across dune slope positions under experimentally imposed low and high precipitation.","annuals","field study","Under ambient and drought conditions, NPP declined with clay content (range: 0-1.2%), no clay effect for high precipitation treatment.","No","Yes","No"
2022,"Smith, Tanner Corless","Biophysical Factors Control Invasive Grass Hot Spots in the Mojave Desert","","10.1007/s10530-023-03142-z",1,1,0,0,0,1,NA,NA,NA,NA,NA,NA,NA,"No"
2022,"Veblen, Kari E.; Nehring, Kyle C.; Duniway, Michael C.; Knight, Anna; Monaco, Thomas A.; Schupp, Eugene W.; Boettinger, Janis L.; Villalba, Juan J.; Fick, Stephen; Brungard, Colby; Thacker, Eric","Soil depth and precipitation moderate soil textural effects on seedling survival of a foundation shrub species","Restoration Ecology","10.1111/rec.13700",1,1,1,0,0,0,"North America","Compared survival of planted shrub seedlings across soil textures and depths and a wet versus a dry year.","shrubs","field study","Seedling survival was greatest and plants were tallest on coarser-textured soils. Survival was additoinally improved when percolation into deeper soil layers was restricted by a shallow rock layer.","No","Yes","No"
2022,"Zang, YongXin; Ma, JianYing; Zhou, XiaoBing; Tao, Ye; Yin, BenFeng; Shayaguli, Jigeer; Zhang, YuanMing","Effects of extreme drought and extreme precipitation on aboveground productivity of ephemeral plants across different slope positions along sand dunes","Chinese Journal of Plant Ecology","10.17521/cjpe.2021.0473",1,1,1,0,0,0,NA,NA,NA,NA,NA,NA,NA,"No"
2022,"Zhu, Xinrong; Liu, Hongyan; Xu, Chongyang; Wu, Lu; Shi, Liang; Liu, Feng","Soil coarsening alleviates precipitation constraint on vegetation growth in global drylands","Environmental Research Letters","10.1088/1748-9326/ac953f",1,0,1,0,0,1,"Global","Compared soil moisture versus precipitation constraint on gross primary productivity across soil textures.","all","remote sensing","Sand alleviates precipitation constraint, with largest effects in arid and semi-arid regions and much smaller effects in dry subhumic regins.","No","Yes","Yes"
2023,"Ali, Arshad","Biodiversity-ecosystem functioning research: Brief history, major trends and perspectives","Biological Conservation","10.1016/j.biocon.2023.110210",1,1,1,0,0,0,NA,NA,NA,NA,NA,NA,NA,"No"
2023,"Dongzhi, Huangqing; Xueying, Chen; Mingming, Shi; Liusheng, Yang; Baoxi, Ou; Duiming, Yan; Baolong, Wang; Xiaodong, Guo; Zeyu, Li; Peili, Shi","The Spatial Distribution and Driving Factors of Carbon Storage in the Grassland Ecosystems of the Northern Tibetan Plateau","Journal of Resources and Ecology","10.5814/j.issn.1674-764x.2023.05.001",1,0,0,0,0,1,NA,NA,NA,NA,NA,NA,NA,"No"
2023,"Farrell, Hannah L.; Munson, Seth M.; Butterfield, Bradley J.; Duniway, Michael C.; Faist, Akasha M.; Gornish, Elise S.; Havrilla, Caroline A.; Larios, Loralee; Reed, Sasha C.; Rowe, Helen I.; Laushman, Katherine M.; McCormick, Molly L.","Soil surface treatments and precipitation timing determine seedling development across southwestern US restoration sites","Ecological Applications","10.1002/eap.2834",0,1,0,0,0,1,"North America","Compared seedling emergence, survival, and growth across seeding and surface treatments.","trees, shrubs, grass, forbs","field study","Perennial forbs grew taller and more quickly on sandy sites.","No","Yes","No"
2023,"Gao, Xiaotian; Li, Frank Yonghong","The inverse texture effect of soil on vegetation in temperate grasslands of China: Benchmarking soil texture effect","Geoderma","10.1016/j.geoderma.2023.116641",1,1,1,1,1,1,"Asia","Compared vegetation cover across soil texture and precipitation gradients.","all","remote sensing","NDVI exhibited ITE for MAP, annual precipitation, and annual growing season precipitation (but not non-growing season precipitation). Cross-over point depended on annual precipitation: lower in dry years and higher in wet years.","No","Yes","Yes"
2023,"Holdrege, Martin C.; Kulmatiski, Andrew; Beard, Karen H.; Palmquist, Kyle A.","Precipitation Intensification Increases Shrub Dominance in Arid, Not Mesic, Ecosystems","Ecosystems","10.1007/s10021-022-00778-1",1,0,1,0,0,1,"North America","Compared plant biomass and water cycling across sites under increased precipitation.","shrubs, grasses, forbs","modeling","Increased precipitation intensity increased shrub biomass across soil types at dry but not wet sites. Soil mositure increases were smallest on coarse-textured soils due to large losses to drainage and silty soils  retained more water from large precipitation events without losing it to drainage.","No","No","No"
2023,"Lichter-Marck, Isaac H.; Baldwin, Bruce G.","Edaphic specialization onto bare, rocky outcrops as a factor in the evolution of desert angiosperms","Proceedings of the National Academy of Sciences","10.1073/pnas.2214729120",0,1,0,0,0,1,NA,NA,NA,NA,NA,NA,NA,"No"
2023,"Mensah, Sylvanus; Noulekoun, Florent; Dimobe, Kangbeni; Seifert, Thomas; Glele Kakai, Romain","Climate and soil effects on tree species diversity and aboveground carbon patterns in semi-arid tree savannas","Scientific Reports","10.1038/s41598-023-38225-3",1,1,1,0,0,1,"Africa","Compared species richness effects on above ground carbon across climate and soil texture gradients.","trees","field study","Sand increased and soil fine fraction (silt + clay) decreased aboveground carbon across the precipitation gradient.","No","Yes","Yes"
2023,"Villa, Pedro Manuel; Meira-Neto, Joao Augusto Alves; Diniz, Ecio Souza; Ali, Arshad; Neri, Andreza Viana; Martins, Sebastiao Venancio; Campos, Primula Viana; Pinto-Junior, Herval Vieira; da Costa, Jamerson Souza; Coelho, Alex Joselio Pires","Soil factors rather than stand age drive tree phylogenetic diversity along Amazon Forest succession","Ecological Engineering","10.1016/j.ecoleng.2023.106924",0,1,1,0,0,0,NA,NA,NA,NA,NA,NA,NA,"No"
2023,"Yi, Xiaobo; Luo, Ji; Wang, Pengyan; Guo, Xiao; Deng, Yuanjie; Du, Tao; Wang, Haijun; Jiao, Cuicui; Yuan, Guofu; Shao, Mingan","Spatial and temporal variations in soil moisture for a tamarisk stand under groundwater control in a hyper-arid region","Water","10.3390/w15193403",1,0,0,0,0,1,NA,NA,NA,NA,NA,NA,NA,"No"
2023,"Zhang, Hongwei; Tian, Lihui; Hasi, Eerdun; Zhang, Dengshan; Wu, Wangyang","Vegetation-soil dynamics in an alpine desert ecosystem of the Qinghai Lake watershed, northeastern Qinghai-Tibet Plateau","Frontiers in Environmental Science","10.3389/fenvs.2023.1119605",1,0,0,0,0,1,NA,NA,NA,NA,NA,NA,NA,"No"
2024,"Bargues-Tobella, Aida; Winowiecki, Leigh Ann; Sheil, Douglas; Vagen, Tor-Gunnar","Determinants of Field-êSaturated Soil Hydraulic Conductivity Across Sub-êSaharan Africa: Texture and Beyond","Water Resources Research","10.1029/2023WR035510",1,0,0,0,0,1,NA,NA,NA,NA,NA,NA,NA,"No"
2024,"Biancari, Lucio; Aguiar, Martin R.; Eldridge, David J.; Onatibia, Gaston R.; Le Bagousse-Pinguet, Yoann; Saiz, Hugo; Gross, Nicolas; Austin, Amy T.; Ochoa, Victoria; Gozalo, Beatriz; Asensio, Sergio; Guirado, Emilio; Valencia, Enrique; Berdugo, Miguel; Plaza, Cesar; Martinez-Valderrama, Jaime; Mendoza, Betty J.; Garcia-Gomez, Miguel; Abedi, Mehdi; Ahumada, Rodrigo J.; Alcantara, Julio M.; Amghar, Fateh; Anadon, Jose D.; Aramayo, Valeria; Arredondo, Tulio; Bader, Maaike Y.; Bahalkeh, Khadijeh; Salem, Farah Ben; Blaum, Niels; Boldgiv, Bazartseren; Bowker, Matthew; Branquinho, Cristina; Bu, Chongfeng; Byambatsogt, Batbold; Calvo, Dianela A.; Castillo Monroy, Andrea P.; Castro, Helena; Castro-Quezada, Patricio; Chibani, Roukaya; Conceicao, Abel A.; Currier, Courtney M.; Donoso, David A.; Dougill, Andrew; Ejtehadi, Hamid; Espinosa, Carlos I.; Fajardo, Alex; Farzam, Mohammad; Ferrante, Daniela; Fraser, Lauchlan H.; Gaitan, Juan J.; Gherardi, Laureano A.; Gusman-Montalvan, Elizabeth; Hernandez-Hernandez, Rosa M.; Holzel, Norbert; Huber-Sannwald, Elisabeth; Hughes, Frederic M.; Jadan, Oswaldo; Jeltsch, Florian; Jentsch, Anke; Ju, Mengchen; Kaseke, Kudzai F.; Kindermann, Liana; Kobel, Melanie; Le Roux, Peter C.; Liancourt, Pierre; Linstadter, Anja; Liu, Jushan; Louw, Michelle A.; Maggs-Kolling, Gillian; Issa, Oumarou Malam; Marais, Eugene; Margerie, Pierre; Messeder, Joao Vitor S.; Mora, Juan P.; Moreno, Gerardo; Munson, Seth M.; Oliva, Gabriel; Pueyo, Yolanda; Quiroga, R. Emiliano; Reed, Sasha C.; Rey, Pedro J.; Rodriguez, Alexandra; Rodriguez, Laura B.; Rolo, Victor; Ruppert, Jan C.; Sala, Osvaldo; Salah, Ayman; Stavi, Ilan; Stephens, Colton R. A.; Swemmer, Anthony M.; Teixido, Alberto L.; Thomas, Andrew D.; Throop, Heather L.; Tielborger, Katja; Travers, Samantha K.; Van Den Brink, Liesbeth; Wagner, Viktoria; Wamiti, Wanyoike; Wang, Deli; Wang, Lixin; Wolff, Peter; Yahdjian, Laura; Zaady, Eli; Maestre, Fernando T.","Drivers of woody dominance across global drylands","Science Advances","10.1126/sciadv.adn6007",1,1,0,0,0,1,"Global","Compared relative abundance of shrubs between coarse- and fine-textured soils across a precipitation gradient.","shrubs","field study","Shrub dominance occurred on fine-textured soils below ~380 mm MAP and on coarse-textured soils above this point, suggesting the opposite of the ITE.","No","No","No"
2024,"Biancari, Lucio; Aguiar, Martin; Saiz, Hugo; Gross, Nicolas; Le Bagousse-Pinguet, Yoann; Eldridge, David; Maestre, Fernando","Upper boundary on tree cover at global drylands","New Phytologist","10.1111/nph.19598",1,0,0,0,0,1,"Global","Compared maximum tree cover between coarse- and fine-textured soils along a precipitation gradient.","trees","field study","ITE not evident for maximum tree cover--and coarse soils have higher maximum tree cover at both low and high precipitation (~30-900 mm MAP).","No","No","No"
2024,"Bradfield, Scott Jared; Ocheltree, Troy W.; Knapp, Alan K.; Hoffman, Chad M.; Augustine, David J.","Dynamics of stress and mortalty for grass dominated ecosystems: An interplay of water limitation, heat, and erosion","",NA,1,0,1,0,0,0,NA,NA,NA,NA,NA,NA,NA,"No"
2024,"Brown, Gary; Feulner, Gary R.","The Vegetation of the United Arab Emirates and Ecosystem Management Issues","A Natural History of the Emirates","10.1007/978-3-031-37397-8_5",1,0,1,0,0,0,NA,NA,NA,NA,NA,NA,NA,"No"
2024,"Brown, Renee F.; Collins, Scott L.","Revisiting the bucket model: Long-êterm effects of rainfall variability and nitrogen enrichment on net primary production in a desert grassland","Journal of Ecology","10.1111/1365-2745.14258",1,1,0,0,0,1,NA,NA,NA,NA,NA,NA,NA,"No"
2024,"Ding, Jingyi; Eldridge, David","Intensifying aridity induces tradeoffs among biodiversity and ecosystem services supported by trees","Global Ecology and Biogeography","10.1111/geb.13894",1,0,0,0,0,1,NA,NA,NA,NA,NA,NA,NA,"No"
2024,"Feldman, Andrew F.; Feng, Xue; Felton, Andrew J.; Konings, Alexandra G.; Knapp, Alan K.; Biederman, Joel A.; Poulter, Benjamin","Plant responses to changing rainfall frequency and intensity","Nature Reviews Earth & Environment","10.1038/s43017-024-00534-0",1,1,1,0,0,0,NA,NA,NA,NA,NA,NA,NA,"No"
2024,"Lehmann, Peter; Or, Dani","Analytical model for bare soil evaporation dynamics following wetting with concurrent internal drainage","Journal of Hydrology","10.1016/j.jhydrol.2024.130800",1,0,0,0,0,1,"NA","Compared soil water balance consequences of evaporation with concurrent drainage across soil texturs.","none","modeling","Provide mechanism and analytical model supporting ITE in arid regions whereby rapid drying of surface layers in coarse soils allows water to percolate rapidly to depths where it is protected from evaporation and available to plants. Greatest evaporative losses occur with small events on loamy soils.","No","Yes","No"
2024,"Lomax, Guy A.; Powell, Thomas WR; Lenton, Timothy M.; Economou, Theo; Cunliffe, Andrew M.","Untangling the environmental drivers of gross primary productivity in African rangelands","Communications Earth & Environment","10.1038/s43247-024-01664-5",1,0,0,0,0,1,"Africa","Compared gross primary productivity across vegetation types and precipitation, temperature, and nitrogen gradients.","all","remote sensing","Sand increased productivity across the precipitation gradient (~100-1500 mm MAP) for all vegetation types (grassland, shrubland, savanna).","No","Yes","No"
2024,"Suliman, Mahmoud; Scaini, Anna; Manzoni, Stefano; Vico, Giulia","Soil properties modulate actual evapotranspiration and precipitation impacts on crop yields in the USA","Science of the Total Environment","10.1016/j.scitotenv.2024.175172",1,1,1,0,0,1,"North America","Compared crop yields across climate and soil gradients.","crops","field study","Maximum yeild of crops on coarse-textured soils occurred at lower precipitation values than on fine-textured soils. Crop yields were higher on coarse-textured soils under dry conditions and lower under wetter conditions.","No","Yes","No"
2024,"Terry, Tyson J.; Adler, Peter B.","Precipitation seasonality and soil texture interact to shape dryland recovery from severe disturbance","Journal of Ecology","10.1111/1365-2745.14306",1,1,1,0,0,0,"North America","Compared net primary productivity between disturbed and undisturbed habitat across precipitation and soil texture gradients.","all","remote sensing","Recovery of shrubs lower on coarse- than fine-textured soils and at warm sites, perhaps due to recruitment failure when shallow surface layers dry out quickly.","No","No","No"
